amp,duration,temp,fidelity
0.5380818035742377,175.91706315991092,1.607795413905242,0.9555757044970302
0.8049459252474399,10.097364038830774,3.3961778742214124,0.9641274587906316
0.8640676699948214,159.14241917036466,1.3116248821775414,0.8427916240336639
0.9131364597684215,10.47079633476455,3.7418826037588833,0.9654255359711132
0.6872293613027238,197.65968400277808,3.89496995368937,0.8357152343259148
0.6308099154621271,77.32957776363624,0.5393939024824036,0.9966192612534123
0.5862608995403712,165.07755935534252,3.522220404162086,0.9424109565213578
0.8441225043846523,110.28390766064216,0.7902107482865368,0.9604701048698286
0.27151617773883296,190.5130194567606,0.2944108847633815,0.997211893192715
0.4222709165899323,43.74308756689817,2.7419574889829046,0.9757680914955023
0.5802864930862875,90.51950058989449,1.4922250358264573,0.9972918752716172
0.1297322996100871,187.8694520460386,3.3259645173483556,0.9735129617133053
0.3576636211631753,162.23811781873724,3.8237594632396084,0.9854699311233034
0.5176284317769575,27.56729878512546,0.9476859959102852,0.9729506862048036
0.7182809288517292,170.88169259276464,1.9831937720899413,0.8865747765990845
0.36414021650701,15.96116331516672,2.199747346409935,0.961181573935435
0.18045842052699415,192.24269272279992,2.5401921041666577,0.9844106052191183
0.48910446803618357,183.34470540689864,0.6304130899582079,0.9648887902461003
0.8757904108945108,30.874546218134117,1.1315001211740516,0.9889134667168146
0.4532659569806936,57.71437950535218,0.5848171262884365,0.9868345564037165
0.5315546750528146,160.44044195787728,0.34125194273598763,0.9738568669919129
0.8295826073820377,191.5108819775824,1.0677094035177563,0.7590426521004837
0.2469551145319957,36.663127256171904,2.230757738469028,0.9665618855698751
0.3054724279441532,102.07941975279462,3.807683790110937,0.9833028451698906
0.6764335030197584,91.86838531105438,3.3137476758509736,0.9896391094939252
0.15053323824836007,25.341394395592403,1.8578539349155543,0.9558305789948699
0.6554882890884686,84.30794959112255,2.9806406242622607,0.994621745749834
0.7129468071408421,26.077746279190713,0.3480392770575675,0.9797180226644293
0.8773009105700683,16.949816257383034,1.7707825742353902,0.9745761673331174
0.7156048976374952,36.747134301244074,0.39973593759031323,0.9888335558615721
0.6058855356038038,38.52323496810583,1.6796759013584015,0.9851129843062247
0.6331573251566697,92.9994518169072,2.4512375947311926,0.9914301330871387
0.3132571979142782,79.87003322278838,3.1429346904358186,0.9813569681310352
0.8067294586196543,159.50067879728007,1.727608313261071,0.8709057895374971
0.6290822465845595,120.07582041089242,0.9401449913229363,0.9856240540258197
0.3355562681827986,26.767686820665173,1.4126507326828768,0.9644852825032512
0.6468360875060689,103.94632304077092,2.4076478349265584,0.9879097960487935
0.3524963303719686,93.44547092994205,3.2463286420422914,0.9880521386871962
0.22660626430143674,95.61100364446378,0.4512937774738553,0.9839787866262649
0.12356529183186359,135.07912291017277,0.9159188092506291,0.9767351416487605
0.9926684361075773,91.10604155356354,3.244309295450197,0.9602837594388409
0.46673137155192446,91.68968889423962,0.9375032624691402,0.9967651720467609
0.9086920994732594,96.56664430758018,2.539874968100134,0.9658006950989299
0.72348934920472,120.94826998141966,1.302202319885096,0.9693304136379884
0.28538813388829803,126.84728327589711,0.7746579271580296,0.9935373316309299
0.6411444175307637,41.976552442708126,2.8137337175539545,0.9848383936741407
0.13645647391613797,130.6837048550537,3.576827459673104,0.968145108308661
0.13288373756403046,182.36780547072212,2.3834727113511227,0.9776143041844215
0.1420504488906077,137.60863469912152,2.1208022213433737,0.9761392197098326
0.9954488550685069,111.73838893753161,3.753729965488089,0.9183999742595661
0.3043684938891767,42.193183514511844,3.1582876177283516,0.9701582713797677
0.6609056622529489,119.07441664981813,3.475295450844817,0.9740183592028412
0.14040104720573912,78.55509132793294,1.228789858733537,0.9689821131174774
0.8272352588578248,109.33936252111991,0.36408065695459263,0.9664518435184861
0.9589471813381611,63.72254609526532,3.0104053198123344,0.9940691534942958
0.27032587834141797,40.04548952803894,2.8264969437722085,0.96638573610594
0.5195171097935589,81.10173767814952,2.2382096778993463,0.9958712978625929
0.7118601962355852,26.113644414432038,1.4517679537914612,0.9786737818526051
0.6626486957481647,121.80524358482452,1.1241667317925081,0.978970228214538
0.614594642548243,149.44576551084737,1.6486571340421552,0.9601836778740753
0.8738256012668157,152.04964634367153,0.8642413145341217,0.8589680476697588
0.11807895673182889,133.41518600327862,1.8722506796955485,0.9732644397470064
0.6453658069525624,109.07807540505505,1.1238954107463184,0.9905952277756327
0.7019571263737572,183.47019142465064,3.7198185207319607,0.8606699019072158
0.9617061529455858,12.61908848911829,2.3817670212766293,0.970130934738378
0.524149893366586,95.86707699779672,3.721770092387077,0.992044294930758
0.39743289771354495,89.60562009894463,1.0966690581144645,0.9942546705673317
0.6371802067678599,10.164739621471501,1.3915815907943438,0.9606758941650895
0.5980892366322296,17.400094128630094,2.271679280696115,0.9676090520248356
0.8710214697503197,53.108217157542455,0.4554190403468246,0.9995209733840642
0.5005716164704666,36.450820948627324,1.2880484077470824,0.9799746016025015
0.8605161475548956,42.99835245747781,2.069282583194064,0.9946523255083929
0.516140244045045,137.25890415515187,0.7824303214283906,0.9891797649816338
0.7953235698853461,12.091576361297745,2.4632729348049174,0.9678547288285845
0.6889774434560876,83.02161676364813,1.53603587667892,0.9959148765505537
0.8836442487816992,170.57669891799586,1.199226130537485,0.7925423289180842
0.6120625423131315,128.7309778939589,0.23853014076939755,0.981692708197763
0.2535747797857715,187.01367700980217,0.8900608349821479,0.9956518366483466
0.4261661188377315,105.33703367515876,0.9324520844217222,0.9973563778416064
0.7128561043513171,18.470079577689688,3.2624577042922556,0.9711603208480791
0.3211593051083386,98.78746162483344,3.2050006551463035,0.9871576909853453
0.7938021559645114,76.31330803409834,1.9251351579009846,0.9946691221439407
0.34115282104983763,73.92530070396606,0.9223927778791526,0.9870541481512767
0.15246878330245042,35.93216026438277,3.3823119561276016,0.959223029427682
0.7649422115272332,70.35496450428306,2.3701685715587404,0.9969184903774053
0.2982546990733312,20.35057653705713,0.9439917841098628,0.961856105939731
0.5440694770791039,16.415712695615778,3.242730926831134,0.9652040949494068
0.9653903333044349,189.48232967805967,3.622160083710669,0.63139383309521
0.7875564641708748,49.36392300601676,2.562235407114707,0.9946037962125922
0.6365189365734535,190.31261919981588,3.246268159689728,0.884913648889773
0.21665432824400832,184.2939605749923,0.199058789755464,0.9964671066282129
0.9946085345856138,195.0599051033964,3.5230095131021466,0.5722971883324913
0.5417465004058297,164.95572096859954,0.2673689604663743,0.9675062658650501
0.3456580718580349,116.64607041658036,0.5457613336134446,0.995623420218757
0.537184683907443,85.72721874588417,2.757198751316224,0.9949686335375536
0.7091953113560238,55.02564682064889,1.7876323201339708,0.9954543692301985
0.14181841179443305,166.13210047801076,0.010360419062756114,0.9837227190701834
0.3830594304577888,123.04484273613734,3.178630798266702,0.9932715731169894
0.14789813540101604,57.80282521182332,1.603571615764874,0.9635551300873233
0.15587988075124043,55.304231607269784,3.5023353135740862,0.9607410180565882
0.11228895154339025,188.09848461484788,1.1773491151097253,0.980280966842464
0.7000356931829946,157.82737996334572,3.7417614425270678,0.9141954974437493
0.4444006303317396,86.17774537643875,1.8057373931102343,0.9947196444681762
0.7594763035586605,84.37711621346155,3.0671498583634897,0.9909842598172433
0.22330277923876035,189.61995985293152,1.8156250768270552,0.9906102070766286
0.8784620582676249,112.05143822670676,0.05324116899469535,0.9510563933587889
0.4423546098855655,154.95076979992282,0.2608734548529328,0.9931859454965044
0.3690252654297842,162.59362196963818,2.85300185431388,0.9872557597323601
0.34159454856929017,169.1708222400675,2.4494097291538073,0.9907535396562163
0.9694998572567162,168.6693251658947,0.9888427232810576,0.7392859275356448
0.7352155667584412,71.60788488138127,0.5111029529032136,0.9999016821512542
0.44071782615615485,54.794887196602545,0.7162089846272531,0.9858082257147746
0.34403259556423105,28.06707394365967,2.841146758781789,0.9648928892208667
0.3036785011277957,148.4777295136865,2.9981035832014875,0.9918059823987713
0.43070827529600586,26.66076597709345,0.3059420710245182,0.971127941061063
0.8876212169758602,141.71944762851587,1.3748850651801166,0.8804892126800495
0.5161817978587349,83.1156964117006,0.874453559412978,0.9962812946661792
0.1676130970036822,118.19134213238554,0.04207433186437525,0.9796277379488348
0.37561738775187603,127.55624129814963,2.053073436156235,0.9952077460006518
0.8859932315854369,113.58365373553553,0.9401271898031143,0.9467030809276702
0.7859025741736646,183.7437750983833,1.117871156624161,0.8166663700759274
0.468829785885408,145.2706870692686,0.41501656148249094,0.9919705600033186
0.748356419323884,68.9649955310812,2.9926957802710303,0.995817637374201
0.9055799061542592,171.8347549303074,0.18052634730565076,0.7752679077406521
0.3110980940644125,168.4393546811732,3.038160963177301,0.9898098732411069
0.41872692974439385,67.05191176100288,0.4062869224978101,0.9895183422921694
0.22647066441237063,30.146648595597558,2.259392155550603,0.9614952158877272
0.6152559542386061,134.74118278582102,0.3420057356735957,0.977402565129483
0.21584326990605052,38.09487369502116,1.0971962206078012,0.9642480767997725
0.5258984290385779,171.1493903445507,0.4746644184999798,0.9649192707016112
0.7635147551359805,44.40230795221693,2.719784242244674,0.9921855704832827
0.4036540888183978,174.72061149379073,1.5004973810682498,0.98620913451204
0.20264755332143558,85.4587074789948,1.014731608214404,0.9757065970422234
0.7782481861883089,29.50506907897684,0.25040441519462125,0.9853012277695774
0.5500688978989532,132.24428471057905,0.9796930640991535,0.9866306889245466
0.47928781485514416,74.53691957259231,0.35636757654544815,0.9949315722761177
0.42708217906145707,137.2715523543054,0.027250746426460894,0.9978584313551249
0.8693779530354778,31.509347714527358,0.2005149824134053,0.9899484885702471
0.24679146579083525,48.49476468852917,2.287055289292095,0.9668651232036466
0.9082335061512012,29.154690275431186,0.5259455459092173,0.9900882021443366
0.8101528258763356,134.25816907552363,0.19559575562752832,0.9298269162063484
0.995011582554972,120.34881836171441,1.407426961117739,0.8998569214115679
0.87581617058686,64.05990116932755,3.221870939799755,0.9948639137008592
0.3150157953267456,39.576193828306145,0.10549530945882105,0.9697099429112855
0.6284940144737154,160.37488140969663,0.7797101535449624,0.945640629005563
0.5998542892941494,131.59191871538502,1.9756601678501968,0.975981407690538
0.9603734734973226,122.8276942513687,1.380088641396567,0.9047225804083233
0.31460406194831253,39.91344860582127,3.558883077675607,0.9676034533554438
0.47950403447272194,159.5632108359299,0.05354614205615688,0.9843105658005364
0.4557227991075854,65.04142504082594,2.429321180318861,0.98881322387293
0.17122617893679926,83.12924214171306,1.9072565693078876,0.9704711360592487
0.31364721635184034,111.4881630045563,2.6746147128215614,0.9901796260117695
0.6581251389464493,102.86037995696903,3.0060027090847314,0.9854093412955414
0.6976992015046052,27.925835920237564,1.851468798675467,0.981840262860247
0.29450314401503297,96.69961885805206,2.6141287542979077,0.9841991890574028
0.13490036012236187,93.94315711001437,0.14053527509375896,0.9709258492476748
0.13343894128371991,30.003010188364836,3.142867984534981,0.9551692386125571
0.662972603669524,16.54321310480372,0.07375077039527887,0.9698420849157199
0.3747614945542753,37.55035075906115,1.6274278247077856,0.9749278387124931
0.2404447865741733,171.8350593727522,2.897346515648802,0.987717808450117
0.7252151340969687,44.19162142815344,1.3847671766910228,0.9922108048129783
0.41236649120017377,21.221708390804395,2.7642509176190027,0.9661208322134118
0.39444329815240853,172.28302319810476,2.7718209784408536,0.9842393672481831
0.20180751738597016,107.05212737233202,1.729699474978515,0.9810970309267738
0.3112260462803166,192.89542779254128,0.09579282349249982,0.9974601204892704
0.1478451412518639,192.4529927961562,1.49980325869458,0.9843093355437214
0.6911254750494149,55.29569073190105,2.8594146323054286,0.9948633677766242
0.18385324436832584,133.90383785800125,0.4785547226673217,0.9848377016064654
0.8418052631151876,153.5448074496907,0.906646590285615,0.8718224415332925
0.7354414467142183,69.98833513006895,3.256284480191268,0.9967069824651724
0.6483502009790633,176.18505948490986,0.9153265614126586,0.9138625415491756
0.36438343822946306,107.4369498431617,2.9260641779907437,0.9902392101508338
0.839594510096856,145.89198610831232,3.3801155300017283,0.8842576699363136
0.9315761775032482,15.764143136781037,3.0327404460766707,0.9716676398615541
0.32674951988724105,177.9087590830392,0.8814537932340305,0.9963874119303567
0.8058328440963392,71.78425463927822,0.5631186371050665,0.9997913360031653
0.9498153775315853,87.28867803012562,3.3517584229439046,0.9731211798984412
0.3993891056937853,124.7941987614576,2.4806587036208425,0.9947838408796341
0.8127149898807426,15.074820838421909,0.5548781630225961,0.9707465438183188
0.47847935473644454,98.1488387093988,1.9773830282264482,0.9969992156448978
0.4843111327016365,96.0468900887126,0.9652529303175928,0.9985025554320386
0.7015375481080606,46.97416296813039,2.3651451153016647,0.9922064236042908
0.4218300600613677,106.0524739067081,3.824967864912747,0.9892019753814574
0.9668639416294933,58.16335264417598,0.21277368550832543,0.9964425048095961
0.48599307438963846,103.13686422759123,1.384972324775057,0.9966193615231186
0.3641293154158538,118.61865571916745,1.0170717878755298,0.9950283887019511
0.7464487347523553,176.67613192353542,0.6655401855408778,0.8630043018503718
0.7253132892673182,95.87124405872696,0.11191789463052601,0.9911152001836061
0.8580020341504557,108.79698250175883,0.3592373614587596,0.9611836398840019
0.3054558168143775,15.520194420574258,2.8638126361702345,0.9577947966159907
0.14152254167841477,184.92976752792546,1.726257696175568,0.9823089381826864
0.6334725065455393,118.77650957024387,2.5409233565657465,0.9802432459606222
0.6206570884436414,44.18803834077513,1.3701476485709307,0.9881569758894132
0.620829217034227,42.658284995994045,2.3748834919931356,0.9856284434444624
0.8856803222615728,53.21113652460913,0.24471175535379316,0.9977907057493265
0.29578767592061805,58.67299965009295,3.7199412039361457,0.9741020782369149
0.42772175621135333,52.83915320077318,0.6482111681832347,0.9827615356795548
0.9751879863431062,175.03146738345367,1.8779281497981644,0.7025568050364058
0.7847929198534602,89.09718722473845,3.45568236095235,0.9872029371466424
0.10508497396764377,154.73609886603472,1.0201203988439316,0.9732544093460644
0.24665548472344953,97.7413554000079,2.987791074778145,0.9825383215718452
0.1872857846363188,74.71648830506861,0.540909656807376,0.973534938434113
0.6745633515870766,28.2500282732152,3.1010400467016477,0.9783940461132967
0.38649119313373603,66.78089644660729,2.9400059294166336,0.9846494317975469
0.8642609275518729,114.5688276946054,2.070681706528779,0.947457245484572
0.6104291050405422,23.4983197229942,2.651651287588551,0.9726402088601538
0.9567401589571726,193.75940570390117,0.7039231373090433,0.630926882844316
0.1956615516562168,78.12888821793295,0.6444547787179247,0.9742055065435078
0.615216587679566,16.365808235561083,3.3304820570559643,0.9682999051335023
0.5887791449927862,120.69490381096729,0.8164338732629488,0.987359600704745
0.20511559113452693,163.17976115106123,0.904748871063036,0.9904796570345498
0.4133916497274954,123.70231142770453,3.1715302560795786,0.9911631076841386
0.7554527645418143,169.4345633126806,0.4006709870869747,0.8758721566963605
0.8885617985339754,153.15674836271157,3.1978747448623426,0.8417077706113593
0.8680614498145155,50.75832605553559,1.358842115625026,0.9993138057418666
0.860745470933833,57.09985841168978,1.5383639600037886,0.9964357084376446
0.9881678396493977,138.78036096162387,1.9729498356978505,0.8433835977410756
0.4692198467293367,122.50721846611981,0.01731863714761455,0.9982853420242802
0.8039296837475066,23.940276050078083,1.468516668007099,0.980754968126165
0.6475682194467456,181.80581577735407,3.561369502352772,0.8952868462036735
0.19744908427296903,95.29762146196468,3.103296829267765,0.9765242089964373
0.20836849613015468,117.86232755193976,3.4370573924432883,0.9787462611921536
0.3292150974429214,137.09488789433874,3.6577923002544472,0.986818316664912
0.8610374301535597,53.21149464120917,1.154498965084343,0.9978686644291389
0.8589367348115929,153.24523138265374,1.0713263269997877,0.8628039607623085
0.24961018028897516,133.63263252497427,3.1961122978978294,0.9868198275771811
0.8833649165511482,186.78596192817125,1.667640631930979,0.7289714681048249
0.28796049280427355,10.272718843382856,0.16104278206035116,0.9563144398342381
0.8835512574984998,62.67902304772741,3.534361332337479,0.9935817707353555
0.3099415488185186,174.05298842365536,1.7344624941448337,0.994523182405563
0.9526285089949366,17.242489045339134,1.298963215164745,0.9761478223553124
0.21396625956097023,116.29906727962195,3.793452628423559,0.9776952886197511
0.3437426026489774,24.015897028784764,3.232762581308237,0.9623831163890164
0.7619252809111421,78.73647597130412,1.0030966006431963,0.9976331958719397
0.33489681424543494,194.3326459948603,1.1699843833587507,0.9917695933308958
0.9455132250938361,123.41652480110436,2.2595613156277747,0.9053517326774418
0.7015135655953684,13.291636599532954,2.2742377949710035,0.9654398025885552
0.6841789687900058,169.7436393089495,2.365423440411004,0.9040161948604697
0.8179199543395479,112.14154979841237,0.055067391790237535,0.9627070833553696
0.8504517631875346,170.76192868848227,3.606237441362291,0.8054556870572842
0.9513529864178072,50.127496855021576,3.29272692864336,0.9950651542857628
0.9742095537325908,40.55021112723533,1.1357077408027918,0.9964130217089291
0.993192104824027,184.1596670784099,2.205747994245821,0.641280595879194
0.6678241245505642,181.78574154738735,3.0098524737704433,0.8876503535522396
0.7908373514959506,26.7191929696087,2.549847963167517,0.9827181128243591
0.9544038301905327,128.2207332634082,0.5357835561076547,0.8943642702470548
0.5436187250772548,109.20540637195441,3.662037439576071,0.9890709489655292
0.5753233092666409,108.30731776073013,3.805452894614684,0.9880003588748717
0.16101369506647642,135.0325738632846,3.043986182865318,0.9743599127336519
0.13387330745460396,45.746561882217364,2.1330135876723326,0.9592942563506739
0.8191599379202896,126.8971484799127,1.8817722744439946,0.9372330866183298
0.39886971884077416,147.99639149280287,3.0364052246572264,0.9901237929612344
0.4336903436284326,90.86139591176392,2.5424995041195695,0.9931732861653841
0.7795275144062956,158.74919752437305,2.644714165416068,0.8820486609919435
0.6562476807214783,104.735963614283,3.5172680595604584,0.9876340495550266
0.31042135107251545,126.78662649115473,1.8880346908528693,0.9920935761151396
0.7230984560839199,46.520385405713576,1.9957048685516532,0.9934236692957225
0.9932054038865301,101.10929949307997,3.5021223826891887,0.9417407712706468
0.6425884921656929,119.99322205461901,2.758131920097453,0.9798705738616508
0.7306423464701455,68.08325193729661,2.5097099939512932,0.994216563557825
0.34269756679439234,168.22569009736236,1.6371484308382172,0.9935941067966746
0.9984861629774066,112.35101380283734,3.3046733919121163,0.9145324666131901
0.48071300391952776,47.816857181946176,0.4953236797390636,0.9855248016946355
0.8248890699632855,91.7007061101655,2.6205418613529594,0.9816610539627902
0.47350956948427814,189.8134971093744,1.9088376053194573,0.9590901395066402
0.7880774909358654,130.54081833445338,3.4655751526522254,0.9359807370086662
0.6252000196641294,147.020340776756,0.8776651382461708,0.9615030366896
0.8226983281813768,113.7839681658702,1.0360623366422947,0.9598182755146226
0.6228275417480491,141.7084619810761,3.5114691402778977,0.9625286255710358
0.4471362475639884,29.51306115657867,3.939981867651919,0.9711869730912115
0.1373524687191517,116.01858547838206,0.8387275812422054,0.9752569275585545
0.7719288289585216,172.89624694736918,0.41499133458519605,0.8591242365042313
0.13472702523554936,164.49925907890906,1.1507709824185346,0.9813930731517836
0.651487987448392,46.868856949935974,2.1311645999864997,0.9909167681909258
0.6440676920723652,76.74681073521495,0.43931617493133135,0.9988670532586933
0.5648722704215707,184.37428453031717,3.7007561966121583,0.9281869296709904
0.2882236602578775,91.35927511742122,1.0221680611753827,0.9861631439858071
0.7752117784376525,159.23843135032192,3.3414530075492026,0.8811506401998753
0.9032457792236394,112.73312619160563,0.3290292317431984,0.9457265582474511
0.7491958085645354,90.89464121934323,1.9094905498682193,0.9913668473812481
0.7191734259428872,63.02128104452458,3.5238315454987217,0.9941761620870905
0.275606847551936,87.1059630510006,3.9564326787410873,0.9791201713729827
0.9910719645108002,47.09502294003877,1.1368304796021567,0.9983174220883679
0.15258784998025868,147.64133743450986,3.761830547242611,0.974902562790318
0.9539174254026227,176.1203440903299,1.844249804745344,0.7129974060976348
0.3247413815448874,178.46712642479918,2.935686460534805,0.9883570916135798
0.4875404032719769,92.7308415840714,2.414484893147916,0.9960317227733374
0.682195357231655,17.030692184996994,1.1294768957257388,0.9695903426162332
0.9351291672550307,74.76735643569025,2.7024824354076866,0.9883869970408726
0.541783415354269,113.12395066080651,0.050569491168012466,0.9938631937513434
0.6072900832292754,172.49565148021952,2.6037712456392965,0.9333483995733469
0.4442912071299595,130.45175884550252,3.689495253867042,0.9886739206723604
0.32273473336339226,191.0574614390996,1.212879749894081,0.992495878754764
0.385953734829955,54.23472299223519,0.3810732186909409,0.9822207365913921
0.7473367427427307,166.6121414212021,0.7551134283691419,0.8860171845544242
0.6523348257023447,76.76790999801534,2.0907756210922717,0.9969835731330075
0.26025056460387885,157.3250909934451,0.7428866998514642,0.9951016552798305
0.8769301531269293,171.55153671610634,3.752558047949159,0.7840612983535871
0.3228993453187986,163.1965879161837,0.5374290982304972,0.9978814025354422
0.26711239823912025,46.10326371095668,2.1171659512178307,0.9699558938224586
0.5007080470506632,129.5645402620166,0.3876936863541187,0.994722102332304
0.1969612885912872,19.38062952936489,0.7718744407394089,0.9573226429778587
0.7409828452487223,70.13698492244256,2.8335681322497988,0.995706763393543
0.44673816175978565,180.60796964814995,3.588722031284641,0.966674114879565
0.18266738458278373,162.91799138094567,2.251351308351623,0.9839744205806871
0.184502509255379,73.88061849106111,3.893497271585973,0.9682042384263843
0.7006195246367473,176.96727150324497,2.65986150309984,0.8825595878842775
0.27199591813516866,58.52594596394034,0.1788470965981628,0.977908634457092
0.5270907770764176,114.45418167966747,2.8524634431056968,0.9918203610906624
0.7025457427230303,151.1111840923063,2.51985913434206,0.9302654606199815
0.11140697812140386,156.45880849838792,2.82880407483998,0.9698391227622376
0.4817864680625996,49.309127122894054,1.3275685547864462,0.9843696596427965
0.46073109304261106,60.15444471647142,3.567876473815775,0.9857369054437656
0.24679944725360353,168.92227526355148,3.0094966399721446,0.9900960635784367
0.2386504515914516,183.5391023262303,1.257139803695236,0.9955222050722015
0.5076869883590153,105.28721494983591,2.962948101495815,0.9917519127057868
0.33200106245555433,14.60767425256578,3.979658288748441,0.9576501984955652
0.33631890535745673,139.54981426320484,3.7567857544427135,0.9887093277744877
0.6675264475518203,76.67197849165046,1.6030087186895259,0.9983621814713417
0.13190596572085247,156.24210539890345,1.6398064718269847,0.9787720004043854
0.7136997651414679,35.910377279050756,1.4847834087192864,0.9857748259992255
0.948049747131605,51.76285648036447,3.3351953057570056,0.996920001773777
0.8406985154112827,31.60241841542316,3.650906282178293,0.9876435200719513
0.5440211148918259,59.00291998453293,1.5520736649500653,0.9903980411605685
0.792434186321479,135.3130525073911,1.0965423150143778,0.9315977950409536
0.45329963323464395,172.52061640254905,3.9894737053566396,0.967303582858646
0.9208169582363599,141.66899068670568,3.004453935353919,0.8628805097297589
0.8343916837583366,150.4772105318143,1.6249092880964726,0.8815413580149183
0.21689827386255067,181.82505287965938,1.1909235095432176,0.9908772053772142
0.4603670928069693,164.43168068617223,0.987476681642426,0.983553732294973
0.9199329376208607,168.5538573018336,1.7541735754609635,0.7731618748735624
0.7335166091252467,122.75719627611129,3.7389696124739435,0.9579312239277334
0.46114167178817234,131.1359262165214,2.336061276564208,0.9914129568946501
0.6971476979501118,196.383349803615,0.9171241123831227,0.8436731646296911
0.8215776249412791,96.82839500713703,0.12686300337779874,0.980288017544543
0.43854512409906765,171.42490036926938,3.1120453705837714,0.9769295820735534
0.11221404656303681,71.88650589037613,0.7949627822340358,0.961317420969042
0.7526644051080194,163.48085453885696,2.711386096157035,0.8837642297079522
0.39903528418892154,32.4732629120565,1.1112816013832347,0.9746741955879099
0.9882542665796009,168.14186131229445,1.7838390781771243,0.7247893652699704
0.7553074245362651,79.58289349541327,1.2084827754615963,0.9951199980055775
0.6767201414116264,188.22654167536902,2.618939653339964,0.8707449975514906
0.14067355952839738,102.71929824178075,2.1271257613501224,0.9687826995197784
0.1899737818504148,188.8413670784091,0.8632272751091289,0.9922012388949697
0.8480003762383711,79.97470650138958,3.199103072021111,0.9888121744663085
0.6878954634907745,119.82034545439005,1.5793889281720566,0.9767333511862195
0.8444719473977987,53.66056322129353,1.6710928829735963,0.9973801028936277
0.9516153225678579,82.38860787859706,3.8251870638836962,0.9776065632055388
0.8584983751220309,186.86727392036448,2.75060552013436,0.7438749786689376
0.8999868683086125,82.04487787259868,3.6845987044346185,0.9838605177971246
0.2955494802883609,126.44256509148175,2.984167319186721,0.9885000232369806
0.9160354398756879,112.0244604106216,0.6020571091046307,0.9443539044961008
0.7581515820973399,171.544912823595,0.18992626803817136,0.8691654784595082
0.28608307301090796,169.55666989975703,0.8697128268727318,0.9957285589171146
0.3042921341045991,118.54348734373366,2.8958355459863183,0.9887843196159328
0.5252050777144044,136.77555772081217,1.3125717866107365,0.9880510675533517
0.6416523219434197,34.99280396568847,3.2877015120091215,0.9816806174834674
0.581092910666876,132.73459762009588,1.881197538033412,0.9810303044438801
0.6937491385946484,104.54614198670416,1.694755709776277,0.9870950683336385
0.9883512032891701,131.18014631605752,3.7590442178979617,0.8615822063093324
0.9925453186470587,51.701587123508226,3.8680083401688914,0.9949894045396993
0.9213617063562598,53.407031872208094,3.8315669992293153,0.9944272569111033
0.714423223758447,166.66908908163657,1.7780851525867534,0.9001452359810798
0.34812388231808944,15.857499451965964,3.0352736713162582,0.9596627999338162
0.33754467092975937,114.1810205302585,3.921040041364455,0.9876127532071274
0.3610451402255366,98.20929221330927,1.8517058596971523,0.9928918129547265
0.8478662646473998,117.99169952771396,3.7890351552448513,0.9401188501750661
0.4583548595529847,174.7880274885429,1.573308752859652,0.9754908818491702
0.3317031704204959,162.09107643753364,3.1165620176748354,0.990516656951457
0.734374155786037,147.03939210057987,3.027806267222963,0.9247911161171078
0.5131838800902819,93.78664160681033,2.7189947417080766,0.9948418909759186
0.499336906301612,80.44782573204154,2.4802492119701416,0.9949649741032082
0.8263576809210312,81.03506847828208,2.6339028436881815,0.9909286419537164
0.8936865080542219,48.271580010095995,3.6483482807994068,0.9950880815496448
0.43034327869141464,135.40224723473398,0.15886954367733022,0.9979997626343575
0.11238272472432514,95.63547857491244,1.6471398342769756,0.9659110589147223
0.8939705076715297,26.128269061235954,2.4274836631573513,0.9842931288472206
0.5176398553174402,126.69452224409801,2.223083027870599,0.9917473840597504
0.8943440978997071,38.83865513976343,1.3466580015940248,0.9936592276440533
0.12879245696174263,41.57557455139477,2.2376638644817026,0.9596077909368786
0.7876540592184065,155.8317713016932,0.7010765541777871,0.8917178381491342
0.9248233663609537,21.71620326174882,2.463851441560012,0.9815364803523517
0.6080115928474928,113.3584576382812,2.507343052216868,0.9868939589899147
0.9591709183051311,23.140128060793693,1.0487509496009884,0.9838388756255133
0.9910741364529093,179.35460558870383,1.9478940955717021,0.6675084048899368
0.8405044539849555,151.28830022625607,3.470081198506774,0.8691063862371236
0.2633473900730881,105.29790291837972,0.06513053746195496,0.9903198247947577
0.12561096906249597,92.64952309191108,1.823036419471071,0.966277265034072
0.7582535634823395,47.09258045965074,1.7622577011460758,0.993912640745765
0.3989331646743951,73.40956711486095,2.883339205103579,0.9875374044608467
0.6130957258350636,79.36804848757896,0.6749661746056868,0.9982056756390867
0.18235064086013938,47.72872175174821,1.223497753782765,0.963637162352314
0.21244381969208215,189.84705700903146,0.04152350188852554,0.9957000615986906
0.49574549824225334,62.61787656332856,2.112554108705816,0.9882746888533077
0.5984625498945851,81.75402498541116,3.049422108136919,0.9945900672851983
0.8275671893832466,15.294936009257441,3.1553138624913757,0.972026089766952
0.6858478639287358,151.21648368379726,3.9103693156694335,0.9295621942378669
0.7930081871978033,158.98037283148008,2.566253978544817,0.8761471958629614
0.6452663806360951,146.95778760995182,3.010445907161708,0.9515401881018724
0.5660698631000978,16.122683255754627,0.6980713822250209,0.9671522882390955
0.8691185513753008,28.117404737967842,3.6216403026619224,0.9853894634244161
0.5705354426958547,27.18834159797862,1.4446633865361103,0.9747994660733795
0.2731133481954392,176.27217063804312,3.739789644242717,0.9855991734345162
0.47812223969514867,162.06947376925532,1.4306825964041232,0.9798878042508583
0.3988955222154059,21.26599825035335,3.1360038973996742,0.9650481105064921
0.10165421596457487,169.65432104654627,2.640308236569261,0.9700808776449419
0.15813036691508386,184.0795149975847,2.4987434030302746,0.982376579506097
0.7996312319342258,85.68491078358788,3.911870681118598,0.9841280902686069
0.3074643984613931,30.90792493421628,3.1593299010841402,0.9659119047135675
0.6809031340958348,126.66480914346502,1.1809334890263699,0.9711931677703785
0.5412337103882415,65.30131630387675,3.4465415809833715,0.9914659211466543
0.6596250550562586,87.0560089191489,0.2784130434342207,0.9987619256608532
0.9382092680357711,198.47687424928608,1.033609694700308,0.6251432273787039
0.7550710685619759,71.11367671856335,0.45396184552052166,1.0
0.8895619159502872,199.5411959401849,0.5115199472639159,0.6723828499396265
0.633413001339862,86.22470202915102,2.215282744635621,0.9948533586806955
0.3654103154922288,189.5370670579091,1.8635016540482272,0.9858522825857403
0.6118141606211438,19.27314824417287,0.29626008299919787,0.969541539549909
0.7402950495732015,25.78329336464239,2.730711222144067,0.9793213376120244
0.5951403427664463,183.14382338099142,0.2442178922846491,0.9287518784763616
0.38981340211218396,77.76241851920389,3.8879955074534824,0.9846445406596431
0.5364673945080949,98.72850473717945,2.3316986627693352,0.995005305155076
0.27060193626003565,119.48437509498602,0.46352755964033454,0.9916397707094851
0.9396663827269459,123.19990447385072,2.2407484944137663,0.9103777322284341
0.9145431923620417,34.534091076701195,3.2057684919248093,0.991034546011985
0.3091653529010201,43.90075327207765,1.6473454764152275,0.9697248911663561
0.8566981525931034,161.77818985074882,3.0739837536385397,0.832427954154041
0.7340042567246717,187.47595396904518,1.5564436485015531,0.8414719658883885
0.43578329813828676,97.47726460176217,2.909005289548415,0.9917448814556699
0.17864847410887313,124.4883331904597,2.869984036352895,0.9769284106780177
0.13153926939817687,10.611998987661062,0.5736841523008428,0.9525425786014243
0.4403309557066497,130.94922302372387,2.718977619808576,0.9909120179642946
0.7336956544055242,125.78259054837706,3.958306845254586,0.9536081907286641
0.43870892412183105,166.60750034969092,3.076112103730056,0.9780334032975516
0.17860658309512417,18.579484075486256,0.6898202563903749,0.9565333390295049
0.7719840337232453,109.11684330248566,2.1441096530675754,0.9705351816461768
0.3392057888448481,63.427663987254554,0.6512204486104051,0.9823167048929653
0.8987631745727468,111.04997495951869,3.111845523668194,0.9434145263098305
0.686022661060467,30.40155115365224,2.633338407642595,0.9819442644134191
0.48304767836440987,94.44911244920903,2.3376347496235748,0.9951473561500884
0.8297373047297876,160.7092187126739,3.1716548788470544,0.8504234485741387
0.16545312023632835,32.29492334421728,1.8498891550251162,0.9602192000133437
0.26904483691260594,108.64561156213556,1.2315039534708851,0.9889813860061343
0.38936800551772555,52.158947561439625,0.8117026805531833,0.9834212142200289
0.44889856171640086,26.57568979903699,3.5448789480538037,0.9687092288332713
0.9044798504312186,131.53578944348322,2.7579582613757925,0.8987030544664166
0.3387627490843619,179.88872179582117,2.5449900413884503,0.9890639138530757
0.14148837143094592,35.6326617644705,0.3256299043461447,0.9600894976998362
0.7079879838373533,101.02958312995138,1.223495793857682,0.9885981859170536
0.33898158574107184,94.47798005823215,2.388555789632832,0.9906354386069928
0.2160010860761241,103.2684974013361,3.554930383943642,0.9767312208232125
0.8333156743282895,133.8234976483917,2.263997382730203,0.918794979260523
0.3580163692879339,77.84043312386156,3.384974262488146,0.9870034864420572
0.648003247888957,138.81405327483714,2.946014658093177,0.9603011531452367
0.3096352836854073,121.88780854345912,0.7639640549859414,0.99542956096217
0.9711010235640716,37.16612619479978,0.6387624030060022,0.9950890214090449
0.4834137511964318,62.70890594131438,1.4842884587545688,0.990175285871825
0.666377916065897,159.65553507206414,0.5197853323640012,0.9337442052054188
0.7281026142212842,162.61359730856785,2.325201470157878,0.8989240828117447
0.44060779599639666,137.29337052166937,2.2582752290318875,0.9913768708236831
0.2527260528122985,89.37477703317045,2.2218412702094485,0.9808909100617644
0.2625653761357321,134.2960874995975,3.1632421949833436,0.9876493401174594
0.5615555176403123,123.60729322519815,3.59762049741106,0.9817962176782986
0.21474859271171376,144.9883762718719,3.9390989562215766,0.9809520107877753
0.39949266532651617,13.719210541940718,2.497403822898991,0.959098437394308
0.3450714079942563,89.20339130576059,1.6610282014690883,0.9893637840895121
0.9714081794972164,23.917562993729838,1.4670042470901552,0.9856417259540261
0.35050937906336965,26.931525543100555,0.7470870495025614,0.9670186299655806
0.9371202743008242,77.55360287513683,3.7039235511262985,0.9823697112481683
0.3166748517843108,164.42661473392764,1.054468025710336,0.9953956517277559
0.7419707932461754,181.3635703957578,1.097941884535023,0.8541716967199549
0.9513355021594345,75.02270701341683,2.011696438598744,0.9877003261500615
0.8305895475168427,41.18230799479029,2.164162777266404,0.9928648135210877
0.4997032426988405,130.98629894272779,0.6198296908002404,0.9936952646824697
0.506936039616772,71.47975304040443,1.2019922552408522,0.9936269739012307
0.3672768395369581,87.99123608899605,3.4680204309303457,0.9881527685174555
0.2380806726096469,99.86932245685091,2.9946465603311463,0.9789095271532805
0.9892308181890976,62.97141725847294,3.500305455390552,0.9953975307176817
0.5885986795295017,198.68426857386808,2.6890292771643467,0.8990806618096961
0.45093335027546433,52.96681207958829,2.677271296634602,0.9829263258171086
0.16656919431449885,107.05883431472273,1.0577286368981191,0.9777930759261988
0.20463303093881693,63.99741392694701,0.741343651500305,0.9706775333428641
0.6563474182173684,136.9285884904191,0.6901731672722097,0.9657547239401774
0.21703556833966997,28.540011591254515,1.0372956504802908,0.9597731824996883
0.9144190379673418,194.90125147355866,0.2962344771664357,0.667575776460287
0.23403064481104482,190.55405590104172,0.9303025120063054,0.9957613635968651
0.5841550713947266,85.3150257865021,1.8352750232737858,0.9967488557598441
0.9102092383799166,27.01239644865974,0.5643999232285414,0.9876469650591821
0.24946822391794427,102.82062884890834,0.7889754219633514,0.9868318269218056
0.1569411095527705,52.95118302253076,2.872888727585943,0.9619104007646657
0.6924698489314745,128.23637828646108,3.441326636199088,0.958754529862714
0.8129743198906033,98.27034607783273,2.7353734651916204,0.977900649074676
0.4805838298121584,156.44263275722133,3.9376207520453392,0.972788331483592
0.6289487951547681,185.98783210446337,0.27207215969468357,0.906853137222941
0.6481243619224546,10.483467228658604,0.7821541404299867,0.9621937105656319
0.8777896008192484,172.14485870426597,0.9755779487924435,0.7920063550825265
0.250265893580352,154.18243304291812,0.25885992846964034,0.9962500541266514
0.5329511756302493,109.91065004117291,1.2166603984035542,0.9970177027319753
0.7104742810625088,194.40036554879708,0.30165616040798904,0.8421556574244701
0.8456949852724267,117.70771471185502,3.517461814817109,0.9435224534262342
0.20248972508023133,196.23354333711768,0.43813692266287163,0.996688078242292
0.11025485642254122,11.562153790117929,2.672746180875533,0.9517929971976021
0.18416598346921031,95.84348463382067,0.8899460135071279,0.9784984999396548
0.4350849945594848,97.64027658323349,2.9516789392291094,0.9938332185345163
0.6262144103087395,59.20583522729955,0.8816472660161464,0.9960449501707558
0.7139770828396652,190.39319302292665,1.260437473154347,0.8479693007756142
0.5441512940325447,149.77403256952942,3.410557517614082,0.9687002659359665
0.6418874538427926,44.38665824844658,0.3228099773344409,0.9910754176991498
0.9775634807764357,51.9496283065188,0.9406356601686744,1.0
0.9491067808187739,22.052177612133388,2.3333174469007005,0.9816703438604103
0.6201004812804384,96.1456635414481,3.7654929775732366,0.9888781088922485
0.5133213760350439,24.17781095894685,0.2909714388616558,0.9709547519083236
0.15332408382386709,108.01817253233365,2.245228097731457,0.9735220973491183
0.9929380222628016,108.1444507378996,1.6706767768545616,0.9296031381769583
0.439659349477306,97.84804526463296,2.547467440204255,0.9938418097938402
0.15801885468294752,62.70175720177811,2.576128586064263,0.9658871935942529
0.9227073003745415,94.54480911609643,3.9617654769028667,0.9638425786306267
0.47420169466208173,163.4136696011489,3.051994671147248,0.9747649329790654
0.46497822694541235,95.7440423909597,2.8048446669731275,0.9934350958482265
0.6129979505263344,35.96450322681026,1.8365631956552457,0.9813693781506793
0.5375481077181093,70.95548411921371,1.6828662082606813,0.9941549614094678
0.7449308912343673,22.477096431343004,1.0365636684779311,0.9775840237432861
0.6759751640911531,36.85115242367293,0.6751268535973922,0.9869095031420421
0.7080766067352512,158.70494983688286,1.784623079289356,0.9170060828543709
0.6345634902449918,167.749293158027,2.398886609433341,0.9302454561333807
0.9748061288545149,89.3432291008975,3.9644882161073967,0.9660624910449026
0.8145165957169583,81.02491287864275,3.2292502675212145,0.9887748156626008
0.6080611634432485,140.18439369072001,2.481775804117389,0.9655623518578375
0.3474555487033374,164.88947158458802,2.6209890959765643,0.990757123416241
0.6598041562117948,179.17894976267542,3.3874179425552224,0.8939454242723379
0.7231646712651898,63.931554090858796,2.3216115799948955,0.9966028919196707
0.1623655099407767,75.19667581728997,2.9283652908824567,0.9668755956773569
0.5626866383690944,18.27448986986797,0.016990605948723668,0.9663295974442226
0.177792695279006,104.7403596642646,2.2609020516476654,0.9755964382983876
0.3495922616603495,150.25148893969552,2.4505415273098277,0.9927944638714945
0.9948225667264473,27.267963994577414,0.9800269076949363,0.9875403528772254
0.1646550594571701,23.222983106534755,1.5605669305515202,0.9573535722102434
0.46487983276853984,87.08018448371895,0.08093884771297465,0.998636912682858
0.45333443298919773,96.62525771602674,2.6228845367983324,0.9933818053962125
0.154109370519932,123.30207297387103,0.23134569724744708,0.9782883103121233
0.40542527831983854,100.13678805249896,3.9225394384128713,0.9891798892534232
0.5941974187560737,157.76206762815477,0.3990202635070867,0.9602114834524175
0.8742694857224186,42.20844853790561,1.428390411506346,0.9950368278550877
0.20998810501993898,48.75098994600995,1.5073581027779719,0.9669033096099243
0.48253834412979923,107.24312628529876,0.11364248366023089,0.9983537435600857
0.5598864396253767,57.04588487186771,1.1399361291085337,0.9935784792776816
0.8828520525600314,38.074128486247126,0.4802121722223311,0.9937657576734648
0.775767227622432,13.437415445795033,3.2238722035177863,0.9679896514094244
0.37878841128415697,67.34772120691002,0.633451360185629,0.9869370258128733
0.4805301653383771,118.73509141149488,0.5676483810305486,0.9965799990970032
0.5719800447007044,36.61067622535023,1.1301679399208224,0.9837974242256394
0.2769863919895687,156.67926056289366,2.6954864332730573,0.9909134875453035
0.19699363686939897,181.72213251824,3.7747229294777807,0.9809811795572149
0.8830215205699041,144.38055919361565,1.1351075005931497,0.8769528276715902
0.9867452915079755,154.49987392920195,3.8904696421245557,0.7785225485280793
0.7986349681765561,161.6017806093861,1.0999335295765498,0.8708478591562981
0.8371164021825372,110.79268058063168,2.289383315654985,0.9590006929172634
0.9099043314280776,66.10058307999381,1.144549817396001,0.9973674227075933
0.24752057337365427,68.99682830509737,1.8083790079011024,0.9760312126141031
0.142305306786725,182.41386229138894,0.3364033285021948,0.9860853878622394
0.8661227462524782,168.22618667141,2.0456325953953467,0.8097698984388267
0.5760659824654893,139.37132658172774,3.5277143227885213,0.9714211402526758
0.3691747158716767,83.62067364030108,2.837891775406251,0.9871055509031332
0.6012803598383857,181.96646741936866,1.9897518791327926,0.9228535355108723
0.34407043377581203,145.67124359949648,1.4510448423130957,0.9946974602167656
0.6390166405475824,49.88574479208818,2.466137895763462,0.9909669988489054
0.4269634613909604,121.09555759151826,1.7298251190735545,0.9947985224711936
0.900671661717425,97.73633037301843,3.5123398980490776,0.963854487853977
0.9888144765589517,14.409697891143246,1.7829679582206563,0.9739123212530623
0.2800244867849818,142.74702714307543,3.0749055711493454,0.9885696522897894
0.47663186774908495,24.106393013058053,3.9743776239736777,0.9681839282920781
0.4364475055284547,153.34074957921803,1.80275011230209,0.9895280908348295
0.8227583375747104,163.67288751082503,2.473137325603165,0.8489924308484882
0.7073446215041878,60.72951345352837,0.8230622637783876,0.9989030663122592
0.8390193379165422,102.89010377831785,1.9709168240901278,0.9692959782711457
0.27129182564445187,133.14949094860776,1.1260427884185866,0.9945347850119068
0.38426082235853243,178.92082548544926,1.3769387213824829,0.9885331678274207
0.4807196984346994,80.36733246391,3.043555360899505,0.9924588050313639
0.5918618007640473,61.333389500313864,2.3172500093711115,0.9939281169801852
0.9787599812356331,165.61183285872545,1.3166025487818547,0.7445618644063874
0.8072960889798106,83.13431531693423,3.5408157498207165,0.9867380935819096
0.21180614636016365,22.528013604665368,3.2096045756829925,0.9566722165187297
0.4366785627693728,26.419372969846435,2.508451956810314,0.9682127844720709
0.8781376313214786,122.06941157478084,3.1174984197053264,0.9264465170383991
0.661454152327651,111.41388417975217,3.5929375220305064,0.9794116173702818
0.4644239155786789,66.79905305658995,0.733187409184537,0.9920578633940994
0.9379910349634525,46.45038429870652,0.8745395703073491,0.9985176835240608
0.19697678753426323,158.30943670385815,2.0725482555877717,0.9861507222056024
0.44465268529689916,161.14279250443758,2.589448118773645,0.9825473514257699
0.11316623970815935,29.141615274819575,3.8589728427444223,0.9549491961761741
0.6091189450325198,68.7390935657545,0.1571069227866391,0.9983340013944084
0.7612039631581532,189.85341368863806,0.14925702030249152,0.8191872819463378
0.2633219479721603,88.20294584356554,0.13453999270380984,0.9859896474938256
0.371701844698088,109.4137229450686,2.2129193329329286,0.9929456850532805
0.37352315001098124,127.23884184262997,1.8154258436631503,0.9959477602704468
0.3299086237925658,105.92980254165467,1.6391971909060867,0.9929945823192596
0.7947875059692552,73.07531239618126,0.896993033618163,0.9967011201276749
0.5953200762538856,130.00030833051005,2.7886624971842577,0.9792222484772611
0.741989768882083,161.21652030810318,2.2633925004162863,0.8956424127926145
0.9721095492432594,63.87204280798181,0.48291546016487374,0.9955138082282474
0.8560992883299183,129.62371969749796,3.164615387122481,0.917606528164763
0.6946223686077128,117.65309859149083,0.5584432167546582,0.9774973453284298
0.6432063026063585,189.80421730422412,1.0135597054353196,0.8919285390293057
0.7290290187611183,45.83618426124684,0.6702910625997106,0.994488359784253
0.5894089054786809,19.734708716413778,0.17806557501046927,0.9707921642172694
0.5555814769892282,42.0027529348855,1.7261234707625124,0.9867586977863142
0.3160486119228702,166.08057674534683,3.144260897787647,0.9892312037087809
0.24003730172472165,48.30271320052104,1.0838707246918924,0.9696494886387756
0.2654205548371496,99.83159960935693,0.31710306257218535,0.9874982639294366
0.29487298292232833,11.464157374309822,3.428358479578071,0.9567116409785247
0.5636072779191638,124.79070075615004,0.5028921451216729,0.9889818222573142
0.32550940582259535,27.19079509294615,2.646917973130192,0.9650567131424498
0.24407719296537303,106.54146380978823,3.1979787295938147,0.9803607990939723
0.3153812364860696,99.68608200672631,0.6656169659626826,0.9931627654335694
0.40400009436775564,43.674467723102595,3.6725976055706804,0.9734615744951877
0.32392670382338185,18.732270431564594,2.892572815702102,0.9605759625581206
0.2081347098291887,84.07224881210705,2.5546111150554056,0.9740549510846146
0.6482848495834669,146.39161394504256,3.3831087530823902,0.9485321805571584
0.6803209102055864,187.22259520968632,3.002566705091508,0.8681356574730971
0.7459987233396929,73.38520145599287,3.6756198013507464,0.9933588961475587
0.522947885710328,80.1977303120661,2.084896940483953,0.9969716285634888
0.43136213335812157,90.64124865335093,2.252264646584604,0.9935538995600162
0.6579200556461859,29.51678178099931,2.6110693389821207,0.9771859677808945
0.9248997101096104,145.61313112258938,3.232283355477011,0.846679292304978
0.45534922600209804,149.94458539589033,2.766858830347414,0.9859898940898022
0.5908090230200933,59.431036266540985,2.522083964527664,0.990998394344842
0.6216517728063158,191.77020868182603,2.1788049209123668,0.8969861337849273
0.39398481362753845,59.43464366231958,1.7671426010270161,0.9835259563157754
0.28344918894320403,83.65753536501485,0.016401474141867642,0.9866889749688482
0.5044252897836559,118.408120214477,0.8953884700926281,0.9942535712624456
0.6754237931303172,143.94155262222603,1.8179205511240828,0.9522265955053293
0.11299973416967019,150.14874667948075,1.6878498314564767,0.97211476379753
0.23257988541404873,89.8257401928759,0.7448220312376184,0.9830182849957503
0.8077673442101017,194.7864658913776,3.081399724293542,0.7568958081399638
0.8123481139513478,155.34360781094276,3.883062439163213,0.8705021869591386
0.29004728541829405,88.29523232175924,0.05375016270687859,0.9870344544503794
0.17505868300603006,122.27563815092209,3.0911221135807616,0.9743826261450719
0.5572421540157161,149.10495402722816,2.2753625345541,0.9717008026170614
0.29672929618219873,76.55023774761362,0.5844055735831706,0.9858819995802316
0.5877093929124911,22.59203081397164,3.4133989581331936,0.9731049318791029
0.5129305402014154,199.0137143653149,2.2676714515741647,0.9377654765053436
0.7283312658450134,113.20830047132023,3.4970777437032328,0.9701295682768448
0.7749882923830771,72.47426053478608,3.2608711393748666,0.9946602690105719
0.8712633463346864,76.35252440664328,0.5936438344404001,0.9933954245670349
0.4627408319187386,130.00190424096888,2.831437151905702,0.989742306391706
0.6684834052289857,65.57134966166494,3.53010679496371,0.9936231951310166
0.43634503192286245,116.0252831338698,3.360809165818236,0.9914712640332574
0.14095078810016903,23.252112104373342,2.2247625736791417,0.956260172783947
0.5038860616479025,187.4943326277792,3.1080760509767944,0.9487350672319806
0.858536012043061,186.3527039847201,1.763925491747384,0.7509870132585305
0.4562085742434082,20.076023258357395,0.4350688508361824,0.964907703739586
0.32798662054027794,83.99279890730904,1.492889350593304,0.9868998791737373
0.3871017271510866,91.28714223684534,0.537077666824513,0.9932860219480434
0.500593832497066,65.7122044149177,0.04764660544816384,0.9929797778108819
0.29175307712588083,80.94584678129314,0.7283861869151654,0.9854487397785817
0.45019091369884656,172.56862971422993,1.3510384577240717,0.9803346588571064
0.35634530080027427,102.2515216789157,2.2200093946581263,0.9920393000090296
0.5184571276147317,30.51601853269163,2.324130213258,0.9766824803154517
0.7575219431348196,120.82001532694876,2.2261483606854204,0.958555824481678
0.477453717094084,166.01109929787333,0.4169001365165355,0.9798400367006985
0.6832715733523235,125.0435998073706,2.9579638252215585,0.9658648641777268
0.32492918506661517,78.44831864349153,3.7633814200178066,0.982845649659175
0.38225839257776695,63.464044694744786,0.19837976696601867,0.9853663071930004
0.9239464482646935,174.10986526636816,3.9036310498592366,0.7396125343141264
0.39012931504442283,84.95301124576655,1.5850999310075826,0.9907248813923721
0.9016861691033521,188.92128942950487,0.04309230338909629,0.7085312390461389
0.12075883813386841,77.43364298774908,3.5065044079049743,0.9609359139845608
0.3589555725211019,183.54592571531683,1.8208079440801395,0.9899245620303609
0.8417930355016092,89.5846590758254,1.6728566121599506,0.9827181089980492
0.868394082715099,149.9414563180216,2.3074304792540885,0.864357172353886
0.3412689560348906,39.081164996507816,0.6366882552040217,0.9736862845715702
0.710773531059859,150.4691320848482,0.7585703040340375,0.9325241177496404
0.16939523045040505,133.52101006375625,0.20000755244057972,0.9844989373071918
0.17082452952557944,83.81826946977498,1.686659598877623,0.971921960593139
0.4541125296432045,120.9481491016076,3.826594005015776,0.9891965287208102
0.639762660435207,71.93834765137471,3.4084591438766583,0.9937648379939293
0.9474049113649384,119.48547289806895,3.7183768487645774,0.9103375602535121
0.15715659810039845,193.48755985886038,1.8572474865980515,0.9883710038482962
0.9389016186722124,106.22918992206219,0.9137869162080018,0.9475719659961821
0.5747066521079777,193.04668887480827,1.0889192110731474,0.9229033387752905
0.3466686376184274,142.87957350836632,2.3712012069749058,0.9943320241476787
0.3083307643983706,21.164487108882103,3.935007649472895,0.9617771742565143
0.14099081999574148,25.851034774476943,0.9567566618764037,0.9565716204330118
0.4341830708111992,40.90079339351943,2.2778270371140583,0.9761248238664936
0.20272075456613098,42.52664905235612,1.3020321772235992,0.9651285330301235
0.9290686445162051,193.73049296632146,2.4488200594052967,0.6512842661359547
0.18286628432859448,170.95189223583506,0.6619024734765092,0.9896211398685206
0.28538483943301785,140.59919182841276,1.4570605377538546,0.9958515674862393
0.8954733697065912,38.77576454027499,3.4210332102958323,0.9926513205790203
0.38823150149422825,186.07668912906496,3.897478215431092,0.9740596381724287
0.9812018565803069,150.48188398261854,2.4306136158222187,0.8016342182598714
0.1330121971665928,183.95130182811525,0.2833265107898546,0.9874029756308016
0.5741953160004868,150.4001681750921,0.05023756139792849,0.9724407610922965
0.9720957692481039,190.1899876845722,0.9032163530323365,0.6324814599101907
0.18771741515344975,38.54312225387058,2.8356666413939378,0.9600200189765358
0.182765360135973,131.80146654240895,3.4182594816312983,0.979663003865001
0.5534243375545846,111.14968772775987,1.3120370096544016,0.993598806540244
0.17025743411313768,149.1519441847435,0.238386109147171,0.9853237922535165
0.7352985303328481,185.86894590563227,3.5041594892801777,0.8364956515905967
0.2077405337410267,131.4432567198992,2.893556184975745,0.98140037190999
0.8341340723288343,28.02302298197374,0.9338470484673783,0.9851782537640245
0.7880668023675825,118.76892156927899,1.6495866103800996,0.9592509435138409
0.5494648580271235,196.36346120232847,3.6432416009949344,0.9173487029706915
0.2111620558145559,130.27023756120985,1.173147191618487,0.9866929870527416
0.39115406219335114,194.37696028395234,0.46039820431123507,0.982297503893418
0.2345618712595087,55.43877483311725,2.2248847065218755,0.9718568007199204
0.29209835453639194,68.4057098615206,1.165487699732797,0.9817809576230531
0.4372294077264308,42.545278093970886,2.3684666095066955,0.9777846332922027
0.6027218733638646,47.24621647484647,1.350684131683304,0.9911487897899566
0.6587420540826047,104.0974212362939,3.797887071845069,0.9850174857355398
0.13168941615411234,166.74809299370438,0.8587354863290567,0.9815941051479515
0.7032744274136644,103.8448112619705,0.4408169145679093,0.9864644185390858
0.7605503737593613,177.19486998385727,0.25580187303244123,0.8529701496925134
0.9890452242251042,144.72819627522574,1.6303603847143515,0.8230043677162465
0.28485794908412254,63.06658794309819,3.8254218493243375,0.974659305920834
0.4694589548672762,90.15089201356982,0.709157601640736,1.0
0.18603326787779642,12.912939930245143,2.236913231019337,0.9549170406268456
0.3582448521359899,138.95765867513444,2.6488804003151545,0.9925978938073968
0.24907657587179827,68.41206162063165,3.161615766746679,0.973932606969135
0.9288326211362342,92.96021214243086,3.0860164545479476,0.9672776711841506
0.9091117308392457,136.89775687555596,3.4410995399585214,0.8792742176936079
0.300847011677448,38.410764643699835,1.7034660483747104,0.966656545693208
0.1321832938014489,132.47459761553353,0.5033430278373742,0.976709284893726
0.816393014049365,78.54251867280378,1.7166104687278045,0.9949587408263016
0.6024760909647755,174.11737565895632,0.5226971979116626,0.9380012726570401
0.2554736142642833,126.76049121377402,2.8426672439983114,0.9868556146528131
0.5090045851833496,83.31568739628202,0.051902792012771745,0.9987918117358799
0.5469543138032378,139.61817405333832,3.131694322068288,0.9785124575016025
0.4685263705968927,11.176640569920565,1.7372585639544749,0.9597612474575593
0.2927319208502162,171.66095838417365,2.695238379477651,0.991253415802352
0.9512964024319853,98.08842837034216,2.803558203986863,0.9559080052729271
0.22381007000035236,10.357660665132782,1.6160561828916935,0.956077676915575
0.669982145399083,71.30978485148763,3.7401794405544635,0.9948348519548128
0.3233550418443322,172.13569919931115,3.7244671247923393,0.985160068269595
0.653983592394423,92.75612188772254,2.726832386670061,0.9934605180697671
0.5177429748339754,68.93408791822391,3.8777490869536213,0.9900272694907704
0.3410190132770681,33.793365103807616,2.940095065584179,0.9680102692212726
0.45339491324942616,22.364949209021805,3.3896565593151404,0.9684951338232741
0.9340966259331346,144.0305836406682,3.1320256946700784,0.8473234086860518
0.4386994813458115,65.04308874807441,0.28660505840184186,0.9903382820938681
0.9798428275147509,23.8350290804428,3.420293691699993,0.9838554460402801
0.31235717841189,37.72970952543351,3.256861427960405,0.9662565723882961
0.7803001121292947,83.18495962846285,3.2982393485533645,0.9891128366220551
0.4776957276202799,159.05066866274447,0.5185986913975801,0.9826104789195074
0.16752455616147738,28.732502690681425,3.534977524174683,0.9560953361494167
0.6524816651531581,153.37760698920894,2.3539801782010064,0.9416176831302575
0.47381995518858344,196.60231600485054,0.8945342204645769,0.9579102538926055
0.7375440645950748,119.32793455463461,3.8112301218032325,0.9583558826344251
0.33019015031863946,28.785574731802036,2.371527754857524,0.9674872616585564
0.9392172027548965,92.32583170085432,0.20716952619236395,0.9725100865283869
0.6392031290144574,79.25309010515213,1.7250258234257616,0.9985193154107094
0.10319864510346521,23.810830657876984,3.554873585754929,0.9524814579386046
0.20447096007704751,61.04624277295032,0.6382430432994345,0.9710779756631845
0.5810603705977657,125.06288749977776,3.6576100097318127,0.9815194887434834
0.2569015378907181,143.08570949065876,3.864359074874466,0.9839621983509403
0.5319594233751199,83.76404223327408,3.5710460477499164,0.9946679022317053
0.4700344237098192,18.52118023370894,1.9310999041450063,0.9648337324231033
0.23519196364977107,191.0004938474181,2.2516966582964,0.9926285093059212
0.778682876958744,159.45492267214368,2.5113628222813635,0.8842036393701197
0.7478187764704604,160.86737233484368,1.9556161842713604,0.8945648388238374
0.20274969449306135,12.539763993264202,0.44465181019004213,0.9554260257085494
0.5368291833395102,44.64426685408078,3.8432109147809586,0.9814213510596317
0.6221608711005507,35.0002893048142,3.208139265372064,0.9820018474025748
0.3462539584607895,57.68401202772489,0.5539500549782238,0.9804242837389486
0.8920206327585604,85.23505230096059,1.7655671952032739,0.9840993288208206
0.24513326177334877,123.96960546693843,2.294289472473974,0.9881032736910577
0.3753409440237978,53.100560908311074,1.3399694135768405,0.9801534769082764
0.546499709855745,18.36558820966141,0.7471663935512283,0.9677703744376854
0.24491602953316405,131.95021562943344,2.4763481177275,0.9864451070184667
0.13308744309787654,100.80791718352623,3.6820078181347293,0.9653052580652454
0.487049916884436,74.52501280586722,1.9971335945094777,0.994780860571207
0.7710317060598327,142.37577683846624,1.4150354070659172,0.9246525753663579
0.968975720502806,23.129062796074976,2.5431588932337412,0.9847955756125856
0.671462157418127,25.380797595917276,2.2101822756995815,0.9786690288436897
0.7169291746629816,21.026345323470302,3.6449389401733385,0.974498249206862
0.5202303521406018,58.457193592615184,0.03296183207168,0.9910032142562487
0.43240124466739294,81.70381885920939,1.6760653069030822,0.9928112745185717
0.2951251290323935,60.27586381830447,0.05215594229871323,0.9791279592874166
0.41876257342888545,43.16330327376856,3.1243469372007873,0.9778156254885871
0.8998643746840619,101.74987238917195,1.036468418487942,0.9631638826993302
0.5472501885052437,39.88765745749824,3.3811165493505286,0.9815812766834981
0.28362086601010544,154.1774718973182,0.1739319740926836,0.9984432145289666
0.932581026345393,191.34056189244473,3.206275684377322,0.6586452782608434
0.34706290475927487,103.55733414509875,0.4105486692311192,0.9941594314024584
0.7959696066439322,167.04798489050486,3.5243563889797587,0.8508221289333727
0.9267435121150253,17.37969021706126,1.8169428698655903,0.9771079107280742
0.5154239453527724,49.969696006660826,3.400838153212969,0.9857136625547286
0.2318390341621825,195.26162790781643,2.301332732149473,0.9914181191278486
0.9447585904748388,51.7686125887793,2.820031803132022,0.9963556957003634
0.8976742695613315,147.46904720217194,1.436971205667312,0.8587953354823512
0.12579985488766302,12.448289392099154,2.8687472745883213,0.9507144726401794
0.6532314604429447,173.54185456119797,3.1537449435354152,0.9081097743300525
0.40237963892632345,143.40737676240772,2.846952063818724,0.9900700287577712
0.977877444174311,150.19675211284235,0.43660636326396574,0.8097968993544382
0.2563110805530253,27.18699972224915,1.523309911026843,0.962135475015401
0.9675255035157325,22.74115095563095,1.3139044294811029,0.9843979342070358
0.48228053780141245,76.93583531178828,2.3255968903108952,0.9934456616020072
0.6298227013314174,137.66806057734408,3.106508986134298,0.9636784650929225
0.5250445997508443,132.79774636183194,0.198328607325349,0.9901574815057006
0.13128605622332692,44.784157404966905,0.5287709014597146,0.9597462052123803
0.7790340711480599,182.24279321708065,1.6210954551892307,0.8266595630325198
0.7160551850476184,29.167966045043507,2.374902931051949,0.9819981446036156
0.46310288326690674,152.63857743223093,3.5729409522767366,0.9781353331688571
0.501348921709294,52.10409413383802,3.163910370723898,0.9843659952700172
0.8669163089101909,62.117949055327166,1.2628274857009947,0.9988223589529158
0.29689178922501774,125.10685889147143,1.333414763043352,0.9937462028288814
0.959073469529309,87.18814226839028,1.7640453325683847,0.9744522691654323
0.9484926709216218,181.34701051239608,2.848846342467995,0.6924270465900326
0.2242323993122335,29.05347971817718,3.760019428975318,0.9597364223263651
0.9432399179160982,163.12289843293175,0.2976502263377197,0.7821212422116938
0.7236517337260103,61.57839586422687,1.363377798735611,0.9982764156219314
0.9671007167636498,183.80020198677136,1.8302728719263004,0.665186376767251
0.3108014487236501,50.56208741423043,0.5432668989541088,0.9732277866559184
0.7099313444862759,80.62423924819593,0.590876704245047,0.9985374014982331
0.22972840057111066,90.27763191438181,3.8600977144156334,0.9755053443170828
0.6421275713875885,33.462784692220204,1.9909732521583172,0.9809027313541232
0.2548655854677687,118.9975412217234,3.1512366702411474,0.9844799994289576
0.6554503607662898,144.68527905388248,1.9546340010630499,0.9544063015529265
0.9796921886952192,98.3185904480929,3.438705712364723,0.9514479802072934
0.7430334555240368,18.002301074701215,1.675189283950604,0.9739090257203699
0.338125378802306,196.97076728148042,1.8660035633924161,0.9864416547292248
0.7078015166474922,196.26637610585823,0.5090341476754692,0.8375665256116777
0.7319832256312969,192.1374740530375,3.497554260218906,0.8223127082468654
0.19591888175179517,179.4364220972471,1.7355452410371865,0.989545193432431
0.122787607314239,35.8183877333654,0.5660689373182917,0.9567670754762062
0.9524643262692798,33.77032510513956,0.8955500146476044,0.9930971738032901
0.3089148316408544,150.0158570989023,3.850794972793944,0.9850290446998725
0.39044307985744875,176.35843820442437,1.1952570159536056,0.9887019652279333
0.2331583663611438,62.962100658868934,3.195309342155641,0.9690183547110421
0.5950577634842334,121.89370748809776,3.279362655641459,0.9796988293946669
0.6538939320516404,74.7330806567936,2.7992645817463933,0.9969684648856669
0.2385243550480585,25.22426725129729,3.922053235379477,0.9592938543183888
0.8335930093146234,179.0268770556344,3.103641810195647,0.7929350512325621
0.23442823503560176,105.54875971883949,3.851521392525573,0.9788861921034565
0.38951465450859224,88.80860807322372,3.0520213582054057,0.9916668015980028
0.43158167319445795,137.16380865312638,1.7877728067128513,0.9938050519558301
0.3231489299752041,175.28202716094856,2.4764017011901,0.9909876273671727
0.20820880213095982,12.191378236224292,0.29982647674924157,0.9537569982572462
0.2252132672136042,58.856318096003754,3.0136194815583215,0.9727998196848024
0.8429275240726383,194.25726758412574,2.533869752803659,0.7321447908965835
0.826080446592677,82.7550779851626,1.481870285254698,0.9925218508108994
0.951118617163181,50.767348389134,2.24613544461828,0.9967068743333204
0.24186910441453968,75.88397669228928,2.263795146277279,0.9766930781088644
0.3630110489851053,85.02949665903482,1.7498683651820837,0.9907682593899348
0.8052008844348176,47.06060463770294,0.7150950522466512,0.9970477894095634
0.3326661401228119,86.24570019387066,2.4851527982485644,0.9868338339870295
0.37816139694219963,47.83051511002442,2.0065103703559077,0.9767911564549631
0.8607243842940115,156.00730009101835,0.3024131567757689,0.8557843682813717
0.35859520846946913,30.44246812421845,0.21801161726318757,0.9691018710169366
0.7003903690484449,147.9882470878436,3.6588985286021103,0.931047930002857
0.30811224599836307,165.54096037372923,0.7818006095199913,0.9975516569764631
0.8136660543395394,66.12874169306167,0.21077191292365605,0.9989202151585129
0.9639976778098948,76.90942359018568,1.1020015765314235,0.987064418607511
0.27027876270755224,52.27602791206688,2.104078278215839,0.9732094718920264
0.4476989340179388,33.53621969481824,3.670423599439629,0.9730423631848472
0.7706255735593596,60.80323819005158,3.5785586600736097,0.9947391186417869
0.2876753473666299,139.52682214965185,3.619945114497491,0.985924119411444
0.47193036175449865,107.04408533210096,0.9322322614959944,0.998650610420965
0.9281818063577739,144.47783338790273,1.2544689996177152,0.8549659711908341
0.1945645765659364,18.46091198687687,0.198273851496875,0.9566607037645263
0.33809398203337926,151.7329695514494,1.5452629185313669,0.9947577275578086
0.6801516150609629,40.77127227575461,3.8166053450181203,0.9861501955088368
0.4009240772747906,162.49669340353722,2.7167834330179104,0.9868507859214047
0.6854950041303146,169.0939329359767,2.615435772670116,0.9047460293262444
0.7583269772859489,35.41592104570499,1.192872990852192,0.9887463317804215
0.7651594350507983,170.58324203174257,1.3471484365288857,0.8654068180075508
0.6363711588823365,126.71747247009895,1.0411930147744213,0.9783888210161352
0.800709605112149,22.261898003060566,3.571112862274737,0.9764257782103916
0.3707969906179168,97.25275100642016,1.7774152506132634,0.9940331149332511
0.3952896826502904,84.87970831892093,0.29910783897629234,0.9924199246196603
0.3876035594726627,17.069607141795693,1.623576467794287,0.9600789349559605
0.21735635137162762,156.07814509368296,3.087951161546703,0.9845859682851374
0.9055770997329678,161.2145654496664,2.3905422036682396,0.8079335543914334
0.3850231240653804,167.25036026005634,2.94470185728162,0.9838932877571948
0.4086161095279789,84.24915304140866,2.158894430449481,0.991627458725217
0.5019181820292716,59.67192983153691,0.2912897945356725,0.9919259258369655
0.41331310857852344,171.15505562581754,2.265206745086253,0.9838667647281396
0.8772893834975445,42.20283064506508,0.0843230920040446,0.997069988426638
0.2966301938232083,191.52007612458775,2.1415142696084843,0.9905575450004787
0.6261102228256915,49.95365367116445,0.5305784330836916,0.992709828766089
0.8658162372080977,161.66851691275625,1.206003030185032,0.8325356074059173
0.6830941578113754,174.26782799596853,3.8370537333691317,0.8892139683153971
0.15794724072056743,140.27407546623306,3.9908396472233667,0.9713799391171232
0.12259008805789069,131.0094368166334,1.571511570631321,0.9723294477794769
0.6368645001126724,145.9040476171331,3.76133355252105,0.9509619316636091
0.8285765004601334,190.664969729336,3.4625563923220524,0.7550812587003294
0.5451911598021972,195.56855264892505,2.3791009665347223,0.9271736321810513
0.81116584554068,181.9886564205467,3.075076921935991,0.799354394226638
0.8105786615431038,188.8302112788196,2.092894976122909,0.7809709396138115
0.6165912486681774,185.88353779576371,0.8031097743464144,0.9138128188681699
0.9712671362320123,14.84552917816615,0.9838730256151486,0.9753401555773553
0.46115922434925927,95.1889925061461,3.486738916325211,0.9911877802980131
0.8636393713742215,182.0384008451408,0.8306638481008779,0.767272359151437
0.32407539098880367,116.24849814437977,0.8061362254338429,0.9938512246469549
0.20429774042813803,153.10107506986643,1.3045628864796965,0.9894144278613901
0.4908799337698384,96.7973454285208,0.5643289739231976,0.9988133584981722
0.19140923179671077,73.99322322583981,0.834167462300564,0.9727674638159481
0.22959056507547038,21.61509352569606,0.12146735645905285,0.9592795425846651
0.5202238630835943,82.20458404685793,2.577059179167901,0.9946359409723665
0.40641734095234205,52.48696447647343,1.1693786763909193,0.9822135287741369
0.8623256174506673,65.07593781047865,1.2733995944615224,0.997244917780988
0.6852664308659885,10.528217340774122,2.0754057996618376,0.9631037652695782
0.21441469067059865,67.50937468784943,3.987121087695028,0.9695983405232194
0.1959708397890958,66.4900505099964,3.100636240396066,0.9679361979830887
0.1575486873213182,109.48930133066705,1.6888202295210033,0.975749303432578
0.5700525171070554,20.204030287024622,1.2810609115676987,0.9702267369971856
0.8777116013158194,123.35151930245591,3.2978203964647808,0.9228712239713119
0.44877410329421474,72.14261722253755,3.7742676531158175,0.9881922065061481
0.30577784251859563,75.27271836369263,1.3607930768426304,0.9829210180553742
0.2835511839934717,39.598880601183694,2.004261462282429,0.9682932659979177
0.3938911086525182,35.95928524089136,2.672506151271089,0.9730387173047701
0.7464789220345874,53.130006455464134,3.3306374525728133,0.994239804927936
0.3248431282267327,49.10968095973726,2.246694755232326,0.9769957196371396
0.2947016992002671,81.30621973426969,0.8452760354997765,0.9850548709557203
0.4329870465745319,145.58642567439108,1.7826942193061472,0.9919726589209424
0.5369931281319614,151.89592710397554,3.5970513711399588,0.971115859773843
0.8219686758240176,123.95956848665959,1.2172509621097771,0.9415988506307229
0.9511927731846983,185.93721375514107,3.0821724030290145,0.66514429866535
0.16342554443808366,145.21612711519086,1.6666318073691537,0.9818800460130616
0.672036970058453,15.822390615868962,2.4625327585515193,0.9677679048444086
0.9215506781359937,89.99156583714503,0.7871488127896265,0.9768049264792987
0.8630840678276784,50.75058885619686,0.4178884945538547,0.9985484393962847
0.5667747223823985,58.82509774239355,1.8648283072951795,0.9934210887158355
0.97736608839277,122.89892860334443,3.2029172845401934,0.8919284993843791
0.8354100009415246,199.123626096024,2.467994497529628,0.7192627851594416
0.26882948300213233,161.65362150977742,2.1808213415199567,0.9914738201323414
0.12392494501422924,164.0321013866501,2.837010794693066,0.97267365369727
0.4326561664865619,46.92776534139143,2.07856737463167,0.9794385560427844
0.8913588162031966,153.1721979381071,0.9172071040915032,0.8471785511558318
0.503936228097874,29.683387187950558,0.15210004414916814,0.9752151239639699
0.7453843137534277,177.667408471522,2.6368357023830784,0.8565132486528098
0.7794615471495769,119.29990139409479,2.532276476274633,0.9579833309159425
0.7246593874380661,128.60802679144058,2.4221853233055195,0.9570154899528328
0.36534801579795917,75.80930328503767,1.2471688877990335,0.9881589715200702
0.5952312859938073,92.76174099301822,2.4178327102443826,0.994678859450835
0.7071521229325325,112.5788874710065,2.056626657452062,0.9779261296865118
0.6102510961671838,11.092230047458203,0.6333978985748647,0.9638785000245131
0.6120431315712136,140.61790254025595,0.8327846872778065,0.9716412120747632
0.1226666179897352,38.202899606645985,2.050381073513546,0.958711462872171
0.9919837076781803,111.6926175484112,1.6183808176649117,0.9229673019170395
0.958991077089617,77.49487564391374,1.939545752583329,0.9847908353041233
0.27160521888375894,193.1700170130501,2.3956913711778385,0.9913916541336173
0.35084339625699934,112.40580807098489,3.498811547913806,0.990455112893973
0.9718250292587657,114.69245657617907,1.8402011276374841,0.9207660645596805
0.33776529057862137,182.82847538910494,2.2573539850937006,0.9899657286941612
0.9037254041573008,31.59799951137957,0.6650101885499644,0.9872963293809784
0.2030068999152095,58.829347943731214,1.825552588683169,0.968390142345824
0.9397580500469632,78.36248774207088,1.466538694238975,0.9856859175555495
0.8540319643291526,150.9970795748506,1.9453914229670013,0.8712875022866858
0.7079965972798102,11.19482922252708,1.9278403256523746,0.9628309674813601
0.2800396053480374,17.040549312261344,1.031838206523025,0.9577045172949497
0.9742402628711214,107.801865018119,2.4182899780206957,0.9334422740820669
0.614893866595849,164.94553697289422,1.0437198411514226,0.943185673820043
0.7209817499352607,51.250926290269845,0.32076917692107515,0.9960548706843196
0.7018229052778431,32.26968977954262,2.6997915622047195,0.9831884774886107
0.9607098437988861,156.51673687641642,1.6535279199963804,0.7927515728592974
0.9133366932382752,64.16417004989057,0.2989293677536758,0.9994184381403133
0.3241924347079901,132.2252405036038,2.727880827097124,0.991762734898823
0.11380508066857274,123.92406273856683,3.267930691733235,0.9663755713360994
0.17911075623073422,64.20521379206163,1.3195403051393704,0.9700020153118407
0.5263900631668742,158.18747672232604,3.535805505042472,0.967927686100995
0.8057270633200662,166.87679530169328,2.615241618415951,0.8493222963143965
0.5508537684545245,158.95606147217373,1.5860466690733073,0.9680775809814308
0.4102669012785203,162.7374848347929,2.320061988590197,0.9887883306460681
0.7811570745406945,59.079981394058414,3.3572073445708193,0.9970156324281909
0.2403769563247009,131.58489654209308,0.49277159561447803,0.9925137204388933
0.9980453004309656,98.21760406530971,0.1612854158497519,0.9543258735627136
0.7768864971272563,26.087435776977195,2.953574199308342,0.9811332942698888
0.7521799680334982,126.7819542196483,1.3547905350966774,0.9560276974305622
0.1333948518827472,56.75164077822309,2.2688561738693886,0.9624064175697362
0.5368704378107542,11.396989736102544,3.4601298802354306,0.9601074862331621
0.36545354191814394,13.771844743962854,2.013449669203394,0.9587645590859766
0.5255558857119522,37.07442844229808,1.1312801438819031,0.9807116344458842
0.7386604310107936,163.32128598133994,2.0201947398274225,0.8923900016907143
0.7939503813262295,144.24669393985948,0.7816935491851864,0.9150858188251211
0.3811100241255868,47.412735371975344,0.7206818465190474,0.9788054814328393
0.44963038445973424,134.75983620725552,1.4887084192340219,0.9934167815644452
0.34984012744913184,160.19234803809755,1.4506755736956092,0.9940161365175944
0.406489639616158,118.42093654349299,2.4012605798482016,0.9947484205450143
0.9589839601685922,33.0112548778201,3.645167582814423,0.9900503026820865
0.6797164600848205,121.89560760632357,2.4427657338669206,0.9732822941550733
0.24877834424004064,35.938625121684794,2.574725106337956,0.9640411553681716
0.758482891611312,193.72650655304622,1.2561637539929682,0.807231388964656
0.7427072135360662,172.79203048610796,3.0717749848702645,0.8643728548625331
0.10062961328140099,16.987200359304357,3.182137718132284,0.9522771454205811
0.9180690769018598,65.49410796994046,3.361510391265332,0.9929160838184076
0.32268127946507497,15.946978183779095,1.3700066467843877,0.9598863110112413
0.6885430193712304,79.27444967947947,0.46407793126743857,0.9994664789295217
0.45045368815003717,96.76491806851234,2.8010531813290998,0.9924762905194066
0.9413399675757036,55.40970732437824,1.1253029114037585,0.9998767508657032
0.3485418268433791,179.4042604334228,0.9598418886803493,0.9929672474392739
0.17619220967529328,130.5749517075567,0.736983978250859,0.9836041158360455
0.13616580053830388,177.9228131539741,1.7034565135067836,0.980032614636795
0.7929514276402796,190.83221401220888,2.555118493881427,0.7859405651298597
0.7024697774992182,182.57195484682666,0.1854586196762192,0.8749650762192819
0.943599754643638,114.29988042260585,3.193478621348346,0.9235806189775039
0.22873100981232528,45.358691527793034,1.7135568023708652,0.965881404066573
0.13078697391505476,46.54738445954477,1.0480980649287532,0.9608503077902397
0.2580136346586993,122.00529429326174,0.4753544730756479,0.9905738723057016
0.8429073722668086,167.36597704092623,3.5601328899062326,0.8218846287096307
