n_channels,target_speed,raw_power,safe_power_per_channel
2,3.5258959402772367,0.26583695041757927,0.26583695041757927
4,1.7753210259372803,0.10587731192916099,0.10587731192916099
7,4.926129319760752,0.14595310594490374,0.14285714285714285
3,2.204727531616059,0.16164568652194414,0.16164568652194414
2,2.2345564187482534,0.25838536958266084,0.25838536958266084
7,1.6708025353231313,0.036369018728812534,0.036369018728812534
3,3.748540833670572,0.3080439256876479,0.3080439256876479
7,3.9329971141958833,0.1259061467348322,0.1259061467348322
5,4.656392923020795,0.17070230341940945,0.17070230341940945
6,0.8541248595026181,0.021783481132654995,0.021783481132654995
5,3.4940779304853034,0.17056821457993387,0.17056821457993387
4,0.5983970154295688,0.033060820047375906,0.033060820047375906
8,3.6352801163099993,0.10575820353546785,0.10575820353546785
4,3.4640252792674753,0.18402423858270314,0.18402423858270314
2,4.707100262038719,0.42307662070635454,0.42307662070635454
7,0.7736427007648009,0.020193648869208648,0.020193648869208648
2,2.5133024733502336,0.20232496967428062,0.20232496967428062
4,3.230726985511288,0.12187994577898202,0.12187994577898202
4,3.6568636514058195,0.19392979248035885,0.19392979248035885
4,2.7580025857949986,0.12717839084035368,0.12717839084035368
2,0.965176621361509,0.09328769797887185,0.09328769797887185
7,1.0322396855672578,0.02469979927724127,0.02469979927724127
7,2.283441466802993,0.07594015403701837,0.07594015403701837
7,3.813469109311636,0.13169131660165687,0.13169131660165687
4,0.7909756145715554,0.04223723138989667,0.04223723138989667
7,1.0850272565206165,0.0312683813733059,0.0312683813733059
3,4.901742161377017,0.3154480460193566,0.3154480460193566
4,3.8173726773321954,0.2152763521078692,0.2152763521078692
3,4.854008270400259,0.3808379944064076,0.3333333333333333
7,2.193506309693565,0.07534546356989694,0.07534546356989694
4,3.940784260931239,0.17105964454405004,0.17105964454405004
8,3.6232379460727757,0.07523778779654006,0.07523778779654006
8,2.2504732049021405,0.0654384213106109,0.0654384213106109
3,4.088936846668539,0.2713330815600677,0.2713330815600677
6,4.215142393339475,0.10653456282613523,0.10653456282613523
7,2.434020880262974,0.08394331936102492,0.08394331936102492
2,0.7066315737043221,0.06648425147256318,0.06648425147256318
5,0.7650245015278516,0.03764122679196533,0.03764122679196533
6,1.327254020932498,0.03475646757513306,0.03475646757513306
6,3.1102165117478298,0.12466787898801641,0.12466787898801641
2,1.9073374592165186,0.195285843566904,0.195285843566904
7,3.191382170448819,0.0821970465439104,0.0821970465439104
5,2.446579604928734,0.07461254672369287,0.07461254672369287
7,3.1972525667614446,0.1028042695155964,0.1028042695155964
2,3.6899404928498587,0.4281711043512839,0.4281711043512839
7,2.3862144671832732,0.06221607847119642,0.06221607847119642
6,4.475923953985921,0.14532717455534266,0.14532717455534266
2,2.21509157351808,0.24620891812470608,0.24620891812470608
7,1.6809716127916408,0.0495117083571301,0.0495117083571301
6,3.081192944505421,0.113717240740556,0.113717240740556
3,2.6031787753171614,0.1487028823396904,0.1487028823396904
8,1.3593198985470156,0.03341484895637493,0.03341484895637493
5,4.988282710568816,0.19596283610655282,0.19596283610655282
6,1.0816999050954577,0.0381312125048951,0.0381312125048951
2,3.9429242533400966,0.3966618272833985,0.3966618272833985
7,3.4216232601394263,0.08732963586321288,0.08732963586321288
4,3.991237580461191,0.21329081311459716,0.21329081311459716
4,0.7619426574619315,0.03386060027411219,0.03386060027411219
2,1.609141048136701,0.1518847695352466,0.1518847695352466
5,4.65760750908281,0.23087769554283216,0.2
5,0.9098670949257202,0.030867612964973208,0.030867612964973208
8,4.477776157237857,0.10745530109661154,0.10745530109661154
8,4.303805515659534,0.0950401165041737,0.0950401165041737
6,1.639408441252355,0.05178920232383447,0.05178920232383447
4,1.9711688508986045,0.08484918291715202,0.08484918291715202
7,4.137136695351169,0.09213870216582387,0.09213870216582387
5,2.46977497965319,0.08403437267803375,0.08403437267803375
4,4.5744980705020675,0.24046884797325252,0.24046884797325252
2,1.259447618905654,0.11713155262072922,0.11713155262072922
7,2.297838865876841,0.0762120183544595,0.0762120183544595
8,2.474750852271468,0.07619345331356935,0.07619345331356935
5,2.422848742112544,0.08000532798741662,0.08000532798741662
2,1.6536979241270366,0.1243216287349475,0.1243216287349475
2,1.3947387441641386,0.14176793550620714,0.14176793550620714
4,4.777810094963319,0.28137099538290744,0.25
7,1.8497176322668758,0.0629949692805262,0.0629949692805262
2,3.789929104945207,0.4333075303591941,0.4333075303591941
6,2.527973514825436,0.06599760070299214,0.06599760070299214
5,4.198587282696378,0.17922710353483265,0.17922710353483265
2,2.2654341831878075,0.17627398767732916,0.17627398767732916
2,1.8713661180259202,0.16447802788488353,0.16447802788488353
7,4.947926045782727,0.1291761991509329,0.1291761991509329
4,3.673555382222954,0.1569359412051744,0.1569359412051744
2,2.966445984216364,0.3326502658857163,0.3326502658857163
6,4.102050867793779,0.15008211182579093,0.15008211182579093
8,2.8126932825224413,0.0800032783704657,0.0800032783704657
3,1.787168675670522,0.09534344036305188,0.09534344036305188
5,1.4216272290013765,0.052919780488448954,0.052919780488448954
8,4.623663067767588,0.10847601172123647,0.10847601172123647
3,1.6898233725132266,0.09406573540266812,0.09406573540266812
6,1.6784533494519047,0.06696388680777075,0.06696388680777075
2,3.5528354282517625,0.38799079267660197,0.38799079267660197
8,1.9079442155418807,0.04686977364143948,0.04686977364143948
8,1.7764699196746363,0.04894692458282031,0.04894692458282031
8,2.0783693896142914,0.05480263235811824,0.05480263235811824
4,4.853147415621113,0.2528361636650864,0.25
4,3.083373502267818,0.17726332006671527,0.17726332006671527
5,0.9267259517030751,0.032546087227756704,0.032546087227756704
6,1.925773727735769,0.06014337847577697,0.06014337847577697
2,3.7323076225008984,0.41680421609682544,0.41680421609682544
4,4.5070786912036604,0.20939016314150155,0.20939016314150155
7,3.63037311372807,0.09063833196347562,0.09063833196347562
7,4.495118167037972,0.15565984964218993,0.14285714285714285
3,1.1553441080375093,0.09063918990616306,0.09063918990616306
8,0.8618245103712118,0.024312498952514142,0.024312498952514142
5,3.554030313658049,0.17155629944488973,0.17155629944488973
3,2.981727665083997,0.1733785308755721,0.1733785308755721
4,2.1412182865103775,0.08474078861712296,0.08474078861712296
6,1.6389761417643856,0.05525532514137696,0.05525532514137696
8,4.9291521592850955,0.0980690796989263,0.0980690796989263
8,2.9626847122124405,0.08530729046044774,0.08530729046044774
4,3.3804523164633684,0.14555334312157778,0.14555334312157778
7,4.113620028960053,0.11034881268980129,0.11034881268980129
6,3.989822018162565,0.13152765851401804,0.13152765851401804
7,0.9353374863141608,0.029824226957477693,0.029824226957477693
8,1.5942224089529238,0.04713591363349216,0.04713591363349216
7,3.5032012454448784,0.12407161369147408,0.12407161369147408
3,2.1117442701982396,0.11336374420183405,0.11336374420183405
3,2.5410291664469185,0.14242655690043715,0.14242655690043715
4,4.161104626371363,0.2043887170935882,0.2043887170935882
2,1.0523634438019407,0.10416542810480676,0.10416542810480676
7,2.7744156436542595,0.09682768401197703,0.09682768401197703
6,3.696938474510392,0.11147636216346785,0.11147636216346785
6,0.9826361028439695,0.025197244387354704,0.025197244387354704
2,3.927933482055874,0.4016397781843556,0.4016397781843556
7,2.2209011874517453,0.07561023404810217,0.07561023404810217
6,2.0181380374328075,0.07524629667860709,0.07524629667860709
6,1.0093324946177509,0.02826175869587067,0.02826175869587067
6,1.0165465424210731,0.03745401217429159,0.03745401217429159
4,2.2073330713695256,0.11891918461495549,0.11891918461495549
8,3.4729962649572506,0.06541152112751245,0.06541152112751245
4,3.455303867185676,0.13245029871610847,0.13245029871610847
5,2.526712012706434,0.10545135222341903,0.10545135222341903
8,3.6071763563182913,0.0693199791017943,0.0693199791017943
8,0.9673313820342201,0.021843542392615097,0.021843542392615097
7,4.821386138808802,0.1599768081205168,0.14285714285714285
2,0.9537452887628606,0.08144641542575648,0.08144641542575648
6,1.5272282986345884,0.04212454678199642,0.04212454678199642
7,3.038689224718722,0.0764121240772763,0.0764121240772763
4,2.825652720179315,0.13693642627302635,0.13693642627302635
8,2.9218315664386916,0.08770528203649076,0.08770528203649076
5,4.237998969925219,0.15268874875063107,0.15268874875063107
3,2.216170437458661,0.11887656669141267,0.11887656669141267
2,3.6734092606820807,0.45252551050379775,0.45252551050379775
6,1.6087985445281499,0.04779194092670892,0.04779194092670892
6,4.179999452651087,0.14229482222724604,0.14229482222724604
6,2.8737631754078166,0.07301252845105342,0.07301252845105342
5,4.649034813622933,0.22635384139359926,0.2
8,2.9178174312858127,0.08505638149037255,0.08505638149037255
2,1.578325817083737,0.14772352911526646,0.14772352911526646
4,3.618241788099582,0.13858512152537247,0.13858512152537247
7,0.693974896018912,0.017645624259690483,0.017645624259690483
6,2.5814444889840167,0.07512642737102293,0.07512642737102293
3,1.285529572239409,0.08825825863300968,0.08825825863300968
6,3.4165017262705124,0.08612360736936052,0.08612360736936052
6,0.8156170226987488,0.030717536364759417,0.030717536364759417
4,3.8227259902811053,0.18744611709512743,0.18744611709512743
3,3.0111464356213893,0.15081947789209166,0.15081947789209166
8,2.3722428763467915,0.06634298379245444,0.06634298379245444
2,4.725287104891253,0.44031731894634246,0.44031731894634246
7,2.4634204457998465,0.06319105408204903,0.06319105408204903
4,1.9736580157630552,0.1089722955178074,0.1089722955178074
2,2.7203548012591514,0.2923265386162208,0.2923265386162208
2,2.1243626101921493,0.2593759424287042,0.2593759424287042
7,2.8980053978743787,0.09888288055728642,0.09888288055728642
7,2.79404356036932,0.07704250128037606,0.07704250128037606
4,4.559463678217686,0.2801600526859781,0.25
4,2.692788227646964,0.15317781058728178,0.15317781058728178
3,0.6144730639437188,0.05094599673440872,0.05094599673440872
2,1.7010478077151734,0.18316444190513836,0.18316444190513836
5,4.641843097332686,0.1475669350581281,0.1475669350581281
3,3.6144383938471285,0.26684266659778,0.26684266659778
6,3.940903795427904,0.15640900882064124,0.15640900882064124
3,1.426274552918335,0.11604450848956807,0.11604450848956807
2,3.937486345908477,0.46131093175388405,0.46131093175388405
4,1.005713118246705,0.05944733141529336,0.05944733141529336
8,1.5181126256996464,0.03973786088805833,0.03973786088805833
2,1.9472978264441514,0.20586281176421084,0.20586281176421084
3,3.284544339742863,0.22575683330774904,0.22575683330774904
2,1.5186387677947084,0.13295105855664296,0.13295105855664296
2,2.998685519655303,0.23410502873207154,0.23410502873207154
6,1.4322588260915043,0.048920523154679166,0.048920523154679166
5,2.195591749009711,0.10771087500240577,0.10771087500240577
3,2.2783629539538848,0.12235858266500728,0.12235858266500728
7,0.534877539264329,0.015432230746907246,0.015432230746907246
7,3.416430610541087,0.1127722290488907,0.1127722290488907
7,0.8360570181254665,0.01932237785224,0.01932237785224
7,3.91434728408381,0.12155918201770577,0.12155918201770577
7,3.3977842068845354,0.11756367739741597,0.11756367739741597
8,1.7869335787815144,0.036098399283944364,0.036098399283944364
6,2.708347568069537,0.07714018790974958,0.07714018790974958
6,3.718778662344325,0.10126042723560774,0.10126042723560774
2,3.699391464715668,0.44971502177054357,0.44971502177054357
3,2.724070073705569,0.19020252867512538,0.19020252867512538
3,3.134769589448569,0.20054932404132997,0.20054932404132997
3,3.8452172962775064,0.20422702333552245,0.20422702333552245
6,2.53917103554047,0.08236255193514927,0.08236255193514927
2,1.4278611014730018,0.12442517075046229,0.12442517075046229
6,4.084823454306612,0.11955247453830586,0.11955247453830586
7,4.176131654421942,0.11295863838379369,0.11295863838379369
7,3.2542259765681307,0.09152534255853721,0.09152534255853721
8,1.3894513640929502,0.04202124362106247,0.04202124362106247
5,0.8834529688165402,0.04279609103772906,0.04279609103772906
4,0.559028714745778,0.0299484143766582,0.0299484143766582
4,2.301157125178001,0.09695640150250795,0.09695640150250795
7,4.094749322396185,0.13161107869230854,0.13161107869230854
4,2.336179296337006,0.11912377410695088,0.11912377410695088
8,1.5284283422039628,0.02933280668219182,0.02933280668219182
5,1.5357870411986263,0.056179211223046394,0.056179211223046394
6,1.325229955830019,0.04167551267671523,0.04167551267671523
2,2.384286890377453,0.26945247579417253,0.26945247579417253
6,3.495510616521282,0.0915359458442975,0.0915359458442975
7,4.208316155177156,0.13961042336000634,0.13961042336000634
2,2.1223732992735163,0.257117233915192,0.257117233915192
5,4.694685006604371,0.20082791613688397,0.2
3,2.330863096078786,0.1437743267581872,0.1437743267581872
6,4.374946615831943,0.11446621635329637,0.11446621635329637
7,1.3513081935904852,0.038043342800565136,0.038043342800565136
7,1.4757261940742092,0.04189714815241333,0.04189714815241333
3,3.231232686879376,0.265988979857118,0.265988979857118
2,1.50395699202905,0.11371867456502444,0.11371867456502444
7,3.7870652104186533,0.12974556387430625,0.12974556387430625
3,0.5600595681752973,0.043981103781127656,0.043981103781127656
2,4.5690806986626376,0.4678516178255814,0.4678516178255814
4,4.865503670112145,0.22655584876365112,0.22655584876365112
8,2.9636561068914644,0.07284087444186736,0.07284087444186736
6,2.1271575732398453,0.08734142411184417,0.08734142411184417
3,4.829921534614005,0.37333045227081585,0.3333333333333333
5,4.5115362184233865,0.21778959148023241,0.2
3,3.9364132923157475,0.31154633771645673,0.31154633771645673
8,3.0499479132726517,0.08610459517870243,0.08610459517870243
6,4.958988732517714,0.17569014603577382,0.16666666666666666
5,4.632324262595512,0.18850374793386698,0.18850374793386698
5,2.195014086111826,0.10684883156559022,0.10684883156559022
3,4.549042120813629,0.2365776634080009,0.2365776634080009
5,3.5154483989863,0.1632487906406921,0.1632487906406921
5,3.7633607561235984,0.13703780310906497,0.13703780310906497
2,3.9840303899757536,0.47977585647333715,0.47977585647333715
3,2.8700749553189935,0.19140714146783921,0.19140714146783921
3,1.3727234874453176,0.0954073088235656,0.0954073088235656
6,1.0492249765862511,0.03632071618704273,0.03632071618704273
6,2.659208603483364,0.07477514983439963,0.07477514983439963
4,4.617000989027863,0.19289869492098652,0.19289869492098652
4,3.863796505980843,0.18720624831086427,0.18720624831086427
8,4.416939793904155,0.12751896882846514,0.125
4,4.1064462124327274,0.1765454265466019,0.1765454265466019
5,3.2834512561930804,0.12356506822260621,0.12356506822260621
8,4.233382557885745,0.12740277956579307,0.125
7,0.8142875121025361,0.018535431147557294,0.018535431147557294
3,2.0475453811139825,0.10887518125384656,0.10887518125384656
7,3.1171947101123436,0.08214449927519962,0.08214449927519962
4,2.1713229618105867,0.10533888963994141,0.10533888963994141
7,3.676375376572685,0.10852916186944053,0.10852916186944053
2,2.02072478108851,0.23608267576963982,0.23608267576963982
7,3.844780017562235,0.10309878101480674,0.10309878101480674
3,0.6021483242082494,0.03899903437436256,0.03899903437436256
5,4.852584082054425,0.1456908805166203,0.1456908805166203
6,3.41679476846321,0.09153211897441726,0.09153211897441726
5,1.3065799702528975,0.04040161727891356,0.04040161727891356
4,1.1348536909888514,0.0439979502686566,0.0439979502686566
8,4.808624047498568,0.10241347467898976,0.10241347467898976
7,4.800607813249712,0.11738766272417493,0.11738766272417493
6,2.2913399503324214,0.0684666092515485,0.0684666092515485
8,3.723300657349494,0.09050073450426467,0.09050073450426467
2,2.2510964431658893,0.1918598482000757,0.1918598482000757
6,3.6293643799433806,0.13087047859709183,0.13087047859709183
2,3.708215413488657,0.39589101440194885,0.39589101440194885
5,4.4711674542711854,0.14375828374294275,0.14375828374294275
6,2.216863530993117,0.08533184588095379,0.08533184588095379
4,2.112925488222063,0.12734199805813673,0.12734199805813673
3,2.1110882248358127,0.15591054739087865,0.15591054739087865
7,2.56094493052382,0.056953938960598215,0.056953938960598215
7,0.9476406466764713,0.02813482461424172,0.02813482461424172
5,0.6373794213060275,0.027934343727598707,0.027934343727598707
2,1.689801286043513,0.13022976517661577,0.13022976517661577
7,2.006894082607878,0.06354251006629627,0.06354251006629627
7,2.3890939786036953,0.06793064958269912,0.06793064958269912
3,3.5285853468394444,0.2782328182245251,0.2782328182245251
5,4.93617861912909,0.2352133716646862,0.2
3,0.9715678603565969,0.053485140795193925,0.053485140795193925
5,0.9862759129956908,0.03825830324857823,0.03825830324857823
7,3.7200389185850966,0.11808161904861016,0.11808161904861016
7,2.078052736252195,0.05223397319520472,0.05223397319520472
6,4.57164111668617,0.1613320229493893,0.1613320229493893
8,4.82072687101543,0.13746769304337225,0.125
8,4.084140353577651,0.1201808860596416,0.1201808860596416
6,4.154182386919459,0.127262545494192,0.127262545494192
6,4.264570403327879,0.15054962178487877,0.15054962178487877
7,0.99173789980075,0.023785081660378352,0.023785081660378352
5,1.843018432956442,0.06996724064615287,0.06996724064615287
6,4.566753425802345,0.12091468695337874,0.12091468695337874
6,2.719270498498105,0.09777516171042304,0.09777516171042304
3,2.641946314929236,0.20713257059055182,0.20713257059055182
3,4.394286667084526,0.23860370359518202,0.23860370359518202
7,2.7993231254212834,0.09373457717658132,0.09373457717658132
4,3.158798104912689,0.15546434624038152,0.15546434624038152
3,3.3282910119673854,0.17070551806849363,0.17070551806849363
5,3.1653373782626626,0.11238260648272042,0.11238260648272042
7,3.6692558982455674,0.11434136535655431,0.11434136535655431
2,4.242235310783661,0.4663121200289736,0.4663121200289736
7,4.06483989043193,0.11311598142546916,0.11311598142546916
5,3.5637933414205216,0.1386772816166078,0.1386772816166078
5,2.933516031540743,0.09157246946893172,0.09157246946893172
8,3.4100530770270443,0.08062552020669016,0.08062552020669016
2,1.732789741006345,0.21244780508193287,0.21244780508193287
7,1.6833339739503776,0.045897427354967255,0.045897427354967255
5,2.270933319090997,0.1005987114762687,0.1005987114762687
4,1.2804815088984658,0.06974913679980257,0.06974913679980257
5,1.7310258378948211,0.06533774923853387,0.06533774923853387
5,3.448602969793239,0.1583827530072821,0.1583827530072821
2,2.989439761795079,0.28206569008666865,0.28206569008666865
7,2.169085013057129,0.0671077114666636,0.0671077114666636
3,3.2046231121668876,0.17345000334153485,0.17345000334153485
3,3.2993323185286405,0.2063544695510631,0.2063544695510631
2,1.7208414810841206,0.18022758149621634,0.18022758149621634
2,1.6098537891121318,0.13932093845817226,0.13932093845817226
8,2.9188282919753266,0.05641712384375071,0.05641712384375071
6,1.7651223952895438,0.06723621960382858,0.06723621960382858
8,4.916129393358544,0.13437128038826351,0.125
4,4.838481358805671,0.25232062216806755,0.25
8,3.2764605501114397,0.06343895259830766,0.06343895259830766
7,4.187276929689581,0.10907405207292745,0.10907405207292745
7,4.089805240157608,0.10925867154110794,0.10925867154110794
7,3.65695341315042,0.08410798121712196,0.08410798121712196
7,1.3550349391335186,0.03607379665482041,0.03607379665482041
3,4.502151828631357,0.3382539521633548,0.3333333333333333
8,1.241052541740201,0.03508846043848805,0.03508846043848805
4,2.7582650381439255,0.14679288922639103,0.14679288922639103
8,1.8317480138804276,0.03463141203810236,0.03463141203810236
8,0.9859823348948378,0.030061511437660414,0.030061511437660414
4,0.7779124007553182,0.03423302059011503,0.03423302059011503
2,1.118177382939328,0.10421517097570195,0.10421517097570195
2,3.388375914772566,0.39834043113628337,0.39834043113628337
7,3.7807628274369485,0.10708706118750659,0.10708706118750659
7,2.0168215834587446,0.05170564103733437,0.05170564103733437
7,3.8420396785742517,0.12090628111023131,0.12090628111023131
3,3.769561883808276,0.234599480521629,0.234599480521629
4,1.8109728266121916,0.10469527857748523,0.10469527857748523
6,2.7504797065345956,0.11339288836017622,0.11339288836017622
7,0.6788558598429779,0.016783963954280973,0.016783963954280973
8,0.7904839149626142,0.023424023940531613,0.023424023940531613
6,3.189366016260669,0.12196725443289212,0.12196725443289212
6,3.1083042026205328,0.09166008806704894,0.09166008806704894
5,0.610569292836773,0.02161564374704316,0.02161564374704316
3,0.812976462103278,0.058495988348908345,0.058495988348908345
7,4.418028251088144,0.11128616709470392,0.11128616709470392
4,4.716022010453063,0.25853719152450555,0.25
2,2.651855081580356,0.23971314563786106,0.23971314563786106
2,3.344105551162666,0.2673801986827679,0.2673801986827679
5,1.8129031261821362,0.07005884850770153,0.07005884850770153
8,3.232493315914622,0.1008957657800373,0.1008957657800373
7,1.0337929941885764,0.02840211491907485,0.02840211491907485
3,3.2770086224099786,0.24369267097550676,0.24369267097550676
4,4.899868224975418,0.27244698541550805,0.25
3,3.5406035263225757,0.2662559158429581,0.2662559158429581
7,0.5632979464563779,0.013817276619665194,0.013817276619665194
8,3.4209984957761193,0.10572911971657836,0.10572911971657836
2,1.2657843341255228,0.1440902977253509,0.1440902977253509
4,4.005262696661151,0.1524695744198188,0.1524695744198188
3,2.655002240465042,0.1621876768851763,0.1621876768851763
4,1.30423502785653,0.06280117558402404,0.06280117558402404
7,0.862103473100313,0.020555661800249224,0.020555661800249224
8,1.1279146582855346,0.03415235564631014,0.03415235564631014
4,4.902788274493439,0.1972448040171433,0.1972448040171433
3,3.8805472731366657,0.2708941400138992,0.2708941400138992
8,1.780325243484536,0.03539410670214304,0.03539410670214304
3,3.4450078912718505,0.22821950149971318,0.22821950149971318
3,2.262887206251277,0.13502056597868028,0.13502056597868028
4,3.7294810195199477,0.20756041854857257,0.20756041854857257
5,3.0728774932026233,0.12424898821599299,0.12424898821599299
6,4.331499396351525,0.13846006223488744,0.13846006223488744
2,4.540207623866665,0.5614743076678432,0.5
6,3.140332135959739,0.07935419351722703,0.07935419351722703
7,4.649766808581921,0.1567473617898532,0.14285714285714285
6,3.9562813262364864,0.13445585887256184,0.13445585887256184
7,4.897235343634197,0.11150712701704915,0.11150712701704915
3,0.5231427431907163,0.03165407271603223,0.03165407271603223
7,2.217671741718812,0.06435636384808789,0.06435636384808789
4,3.122396115499927,0.13599655714657088,0.13599655714657088
3,1.988240388983706,0.13487478948501494,0.13487478948501494
7,1.8063284728264857,0.0419836706583845,0.0419836706583845
7,2.0337539304778574,0.048025292313442894,0.048025292313442894
6,4.437255148719994,0.11810243631669255,0.11810243631669255
6,1.1443697789585836,0.04695010424541252,0.04695010424541252
8,4.317652305376411,0.08373710446819814,0.08373710446819814
7,1.2016483648429446,0.03458866481758119,0.03458866481758119
4,1.987150943385529,0.10311118594855417,0.10311118594855417
8,2.6811717711390552,0.05759102813788048,0.05759102813788048
5,3.0670502837753975,0.11626111086552299,0.11626111086552299
4,3.376321931562414,0.14814241905287354,0.14814241905287354
5,0.6522711827042404,0.028906039384881805,0.028906039384881805
7,4.072904555973221,0.11981013777936354,0.11981013777936354
5,1.7941373260531026,0.05725222417273871,0.05725222417273871
4,4.92182446294526,0.20706219775998033,0.20706219775998033
7,4.380238774513894,0.11704509342881485,0.11704509342881485
3,1.3627796601924647,0.10266799532444737,0.10266799532444737
4,2.8209237681301147,0.1252993343913704,0.1252993343913704
8,3.6803206578413135,0.10193243778732869,0.10193243778732869
2,4.335497147337246,0.34746897302955904,0.34746897302955904
4,4.661779994259228,0.22866572749285022,0.22866572749285022
4,1.7189550159564446,0.08627198200471295,0.08627198200471295
7,2.486053722857173,0.08579086620046548,0.08579086620046548
4,0.9067674217181529,0.04202114019742126,0.04202114019742126
4,4.142193359990365,0.16221579611665737,0.16221579611665737
2,1.641366020613268,0.13071071820904845,0.13071071820904845
2,1.5250841287988381,0.15704812962670434,0.15704812962670434
8,1.470272637086378,0.032785887843932354,0.032785887843932354
5,0.5926052553235039,0.025877107656294036,0.025877107656294036
6,1.2517376664072697,0.04889257756753736,0.04889257756753736
3,1.8675359903449302,0.12453238636408848,0.12453238636408848
3,2.4248345050696085,0.16352340778572622,0.16352340778572622
6,4.4726385704069935,0.1176001194549355,0.1176001194549355
8,4.408012743152806,0.09998736642652399,0.09998736642652399
2,3.6961549370756805,0.38024132219329343,0.38024132219329343
5,3.671130434273835,0.13188931166228093,0.13188931166228093
6,1.3764682497906726,0.043095885936776844,0.043095885936776844
8,1.0573589253300577,0.030021797681738283,0.030021797681738283
5,4.662493906443826,0.2253753471983591,0.2
4,2.7589370798227617,0.16185754594060076,0.16185754594060076
8,4.95212609755517,0.11113337667497553,0.11113337667497553
3,1.5989355486201429,0.08188176721686359,0.08188176721686359
8,4.485669552916612,0.13221608377260477,0.125
6,3.6192153789081853,0.14111500602249005,0.14111500602249005
2,3.562738319746745,0.38560644198454536,0.38560644198454536
7,0.9491325497991365,0.02484546988284046,0.02484546988284046
2,4.539332378845871,0.3672575886514461,0.3672575886514461
8,4.742771452043482,0.13631610914505587,0.125
6,3.740152800292194,0.10053751224596912,0.10053751224596912
2,3.067537442513283,0.3453281829196851,0.3453281829196851
8,2.0227032347120915,0.0571934341684591,0.0571934341684591
6,2.596155005582892,0.06859341304666829,0.06859341304666829
5,2.2244073071255404,0.06776505850035718,0.06776505850035718
6,4.0277542710536185,0.1440184945445168,0.1440184945445168
7,1.5326939827337744,0.04470524275389602,0.04470524275389602
2,4.129501660890945,0.4504477877783038,0.4504477877783038
3,1.1423735303549032,0.08365056522152796,0.08365056522152796
8,1.1021952899031193,0.02502554892085223,0.02502554892085223
4,4.681442486388621,0.19910993207077368,0.19910993207077368
2,3.1790365861147567,0.29174779464552786,0.29174779464552786
8,2.6079184435741913,0.059061158570540076,0.059061158570540076
2,1.8332780537466087,0.20791093279359862,0.20791093279359862
8,3.736830695656939,0.08733457460706105,0.08733457460706105
8,3.495348526431188,0.08605293303657255,0.08605293303657255
7,0.6821428988235534,0.020626427848053946,0.020626427848053946
6,3.3591547241436803,0.11719646341626111,0.11719646341626111
8,2.043101715592093,0.062430229610677845,0.062430229610677845
5,3.7418033215234052,0.1554702871446677,0.1554702871446677
7,4.709228115779188,0.1440897698210438,0.14285714285714285
2,0.5876217086077677,0.07152525682876827,0.07152525682876827
3,0.7322852802622644,0.05851240442980653,0.05851240442980653
7,4.295080589403497,0.13449642397368686,0.13449642397368686
4,0.6772790628334824,0.038932564341358306,0.038932564341358306
2,1.2836078065577443,0.11440070391105675,0.11440070391105675
2,4.268046952649298,0.44687045180364854,0.44687045180364854
6,3.0908885052070265,0.11830809111821204,0.11830809111821204
6,3.879479513802211,0.09729469224635078,0.09729469224635078
8,4.32250801430602,0.08437696647328524,0.08437696647328524
4,0.9106734309092748,0.04432340626304283,0.04432340626304283
4,1.4181789446962152,0.07395650362286799,0.07395650362286799
6,1.94580477636976,0.08028445225038697,0.08028445225038697
2,2.4628357136687398,0.18749061193819835,0.18749061193819835
8,4.938659674600428,0.11395016993165996,0.11395016993165996
8,1.096112489899993,0.028620021064398274,0.028620021064398274
7,4.066218298817336,0.11412493042069038,0.11412493042069038
3,3.7936614130674724,0.3140965742434962,0.3140965742434962
6,1.288020799459863,0.042559425711039635,0.042559425711039635
5,3.63146429166882,0.1433122454070206,0.1433122454070206
6,1.7302391448613206,0.06449120808831604,0.06449120808831604
8,4.1403460688357105,0.07777815545606805,0.07777815545606805
5,1.6017170910789909,0.07524802623536067,0.07524802623536067
5,1.0865354899698794,0.05030380206900763,0.05030380206900763
2,4.948992417209079,0.47114824582655307,0.47114824582655307
5,3.133747389255726,0.12959792346636825,0.12959792346636825
5,3.4359509852682835,0.12995230039858408,0.12995230039858408
2,2.209782238461872,0.2414422954542668,0.2414422954542668
5,2.0933140129581203,0.07842981204685051,0.07842981204685051
6,0.5280243893343877,0.01883038129615518,0.01883038129615518
4,3.5969867944885063,0.22459048942196175,0.22459048942196175
6,0.5644340305182696,0.022874402894977178,0.022874402894977178
6,4.882321271412636,0.1469104568793932,0.1469104568793932
7,3.734670272408822,0.11167132967534653,0.11167132967534653
3,0.5787121199446089,0.04689773692162413,0.04689773692162413
6,2.7859457440959536,0.11474158996627307,0.11474158996627307
4,4.1680639050105,0.1847226287288903,0.1847226287288903
3,1.22587158166259,0.09125175618742377,0.09125175618742377
4,4.42713612109651,0.1989115708458888,0.1989115708458888
5,4.303680721836541,0.18948693335519454,0.18948693335519454
2,1.6734739803490872,0.1482041600693197,0.1482041600693197
8,3.6480704071472063,0.10928757475714075,0.10928757475714075
8,3.168286503659733,0.0951045879373097,0.0951045879373097
7,3.645783347736978,0.08862903557158001,0.08862903557158001
3,4.8401828063073715,0.3991274358865545,0.3333333333333333
2,3.9836782299876083,0.48661325530268595,0.48661325530268595
7,2.145472355393264,0.04903367790782204,0.04903367790782204
2,4.615246163416312,0.4948905593659055,0.4948905593659055
8,3.164353814481829,0.09776300438902734,0.09776300438902734
8,3.20865819836535,0.08685875146131614,0.08685875146131614
4,1.898364405801109,0.07143416839968325,0.07143416839968325
2,3.9861859428778197,0.4738408788753027,0.4738408788753027
3,0.7691772085980043,0.04162613105151809,0.04162613105151809
4,4.473967892339804,0.27121970415190644,0.25
6,3.845083187641702,0.09825947137178381,0.09825947137178381
4,1.3153884309084742,0.05920636201313595,0.05920636201313595
5,1.2682391750330493,0.04915299828026175,0.04915299828026175
8,2.5619428865685516,0.06227341133707823,0.06227341133707823
7,1.1223157319261143,0.024936605194435725,0.024936605194435725
6,2.825028517459595,0.11100799294367843,0.11100799294367843
6,3.0677361834808003,0.08027281189678535,0.08027281189678535
3,3.958997484615182,0.2612868931831535,0.2612868931831535
2,4.512963788858913,0.4921595566446308,0.4921595566446308
3,0.7588417106448648,0.05418180207911677,0.05418180207911677
3,4.781436918422588,0.27442981090786084,0.27442981090786084
4,0.9456617423071015,0.039862806938802446,0.039862806938802446
8,2.744262930751535,0.05782528384921592,0.05782528384921592
2,4.967364212323905,0.5089328066736499,0.5
3,1.3982885077774496,0.10409402266678998,0.10409402266678998
8,3.173821752310814,0.08553224248253778,0.08553224248253778
3,2.1847703836999943,0.14512078112491478,0.14512078112491478
3,4.5489032591755905,0.33528814319496103,0.3333333333333333
6,1.8997974397512163,0.06273177963441509,0.06273177963441509
3,0.6633263523011215,0.042650759978952554,0.042650759978952554
2,1.7552467136557892,0.15069552565248281,0.15069552565248281
4,1.159383233750503,0.04834885952551002,0.04834885952551002
3,0.6843449657621591,0.04313241956508691,0.04313241956508691
8,2.097977881237219,0.044131424757056247,0.044131424757056247
2,1.450501331816382,0.12184606505631707,0.12184606505631707
5,4.693535225887823,0.23112232989824738,0.2
3,1.1920545286832003,0.08378621454573346,0.08378621454573346
6,1.5284947979031196,0.04363939375615914,0.04363939375615914
5,2.526764060393013,0.10290314087052775,0.10290314087052775
5,4.367632136813697,0.21147492440160673,0.2
5,2.2114051947724445,0.06860525290757188,0.06860525290757188
4,1.0980795037953064,0.06122944871542012,0.06122944871542012
7,2.5024487403100717,0.07251692333494325,0.07251692333494325
2,3.0962218549354352,0.3008174196760331,0.3008174196760331
3,1.7081986605206845,0.11550710668374332,0.11550710668374332
5,1.2020608780580408,0.04181837336622476,0.04181837336622476
3,3.373967776022308,0.25349497314981984,0.25349497314981984
7,3.622328748602725,0.08923293782939068,0.08923293782939068
2,3.20615968270587,0.26129496073687475,0.26129496073687475
8,2.365108486939207,0.06879993425437456,0.06879993425437456
2,1.3937593011072291,0.11770029264798029,0.11770029264798029
5,4.547865351062921,0.18811514484749606,0.18811514484749606
2,3.0132986468641496,0.3616229428408724,0.3616229428408724
8,2.3048444285966276,0.057351567441282586,0.057351567441282586
8,4.553121949211702,0.12500214835512746,0.125
3,0.999735024683803,0.056286741348679906,0.056286741348679906
8,2.1700682272851224,0.04930799087278794,0.04930799087278794
4,2.871834564729817,0.12413285390160005,0.12413285390160005
4,1.6680913379408682,0.09116082065794827,0.09116082065794827
3,1.9867481436110381,0.13045788087026355,0.13045788087026355
6,2.476577681753903,0.10215361579104465,0.10215361579104465
5,1.748296283110147,0.05664959593115176,0.05664959593115176
8,2.2280867235022184,0.053046203919310364,0.053046203919310364
5,4.192767899344567,0.15133639762894616,0.15133639762894616
7,1.681545113889718,0.03934390964802583,0.03934390964802583
2,3.6596481023226763,0.3382330067092268,0.3382330067092268
7,3.9200223639638607,0.13848794351031307,0.13848794351031307
5,2.814255334147981,0.11988828975421086,0.11988828975421086
8,2.5173743219175266,0.06697935675467967,0.06697935675467967
5,2.4893968990106448,0.11444319703526702,0.11444319703526702
5,4.328660031331479,0.164918850978838,0.164918850978838
5,4.7325331335574194,0.15713737128974367,0.15713737128974367
8,1.8667429454732467,0.05597485158447206,0.05597485158447206
4,1.5782761235292018,0.07037138629121538,0.07037138629121538
6,2.496631832674503,0.08341572385312747,0.08341572385312747
7,2.67662439646758,0.0594862764614661,0.0594862764614661
7,4.65959625195719,0.11228973802274046,0.11228973802274046
7,0.792661551064731,0.022007018190355165,0.022007018190355165
6,1.3085347252895927,0.052773075151549456,0.052773075151549456
8,3.254438118902267,0.09288723878302962,0.09288723878302962
6,1.9430659566597424,0.07013610051371301,0.07013610051371301
5,1.0048593592876134,0.04968412164961917,0.04968412164961917
3,2.1384075566561274,0.15583355732386675,0.15583355732386675
5,2.4055056040153193,0.10800248036502166,0.10800248036502166
6,1.7967734593737688,0.05625047485750903,0.05625047485750903
3,1.099986522392919,0.060455178900079024,0.060455178900079024
6,3.410227509910161,0.09033633314039448,0.09033633314039448
7,4.340887214307562,0.1540294935137457,0.14285714285714285
4,1.8801617558573676,0.11151739703437656,0.11151739703437656
8,4.742339296367865,0.1324718774087197,0.125
7,4.505618264626768,0.13384944438309068,0.13384944438309068
4,2.363802642403966,0.10435594958346427,0.10435594958346427
4,3.0051890053496404,0.14592619980707203,0.14592619980707203
3,4.861172179482467,0.243712533956737,0.243712533956737
7,1.7469232252668254,0.05647358757163105,0.05647358757163105
5,2.115803001978992,0.08902037549649065,0.08902037549649065
5,4.259544982418381,0.20845618027260962,0.2
8,2.8057355187456485,0.0656236779976787,0.0656236779976787
6,1.9955859325758887,0.07629894557685529,0.07629894557685529
4,0.6595077119894658,0.029977276864643514,0.029977276864643514
6,2.034376020686301,0.07863216745696981,0.07863216745696981
6,4.517255902769098,0.16739462981681302,0.16666666666666666
3,3.136200263006605,0.17545503757612765,0.17545503757612765
2,4.86648690237942,0.4930219719149971,0.4930219719149971
3,3.615845418868121,0.20306673836028546,0.20306673836028546
6,4.968220591963703,0.19032626294311084,0.16666666666666666
8,4.541598624479695,0.11775438125451962,0.11775438125451962
5,1.9948258038900404,0.09216235562618347,0.09216235562618347
5,0.5962663831084599,0.02453820012668234,0.02453820012668234
8,3.308585538762367,0.07514042151811497,0.07514042151811497
3,3.6052714937695565,0.23324153414322615,0.23324153414322615
8,4.623478625441979,0.10848183891009454,0.10848183891009454
8,1.759160226898094,0.05342203411626811,0.05342203411626811
5,2.78170188149885,0.1150141484689769,0.1150141484689769
4,3.084753985902702,0.19008608499806126,0.19008608499806126
6,4.817693917709783,0.18705867761853012,0.16666666666666666
4,1.155300977218013,0.04443328404778316,0.04443328404778316
5,2.457038214561399,0.10894304615378282,0.10894304615378282
8,2.543067715251778,0.04969032754513667,0.04969032754513667
5,3.820613546864774,0.12951272240714265,0.12951272240714265
8,1.6177681025704416,0.03581718998216641,0.03581718998216641
2,4.035777520760457,0.3917625421386832,0.3917625421386832
3,4.582662647074493,0.3092354602968203,0.3092354602968203
2,2.19851947067846,0.20312954135530017,0.20312954135530017
5,1.4851218661023124,0.05122777399075139,0.05122777399075139
5,4.898606547569699,0.23431800334809616,0.2
7,1.1205049999080248,0.027776932050156966,0.027776932050156966
6,2.254767469446006,0.06664529151382358,0.06664529151382358
6,1.0992188396868552,0.03875257460724887,0.03875257460724887
8,3.5288340828799223,0.07612642844819127,0.07612642844819127
7,2.493680439038549,0.06034545017091222,0.06034545017091222
6,2.6082523438674805,0.09851649007217596,0.09851649007217596
4,4.927952829846725,0.26935675570391926,0.25
2,3.4140305317653636,0.38178618533281455,0.38178618533281455
6,4.556254164967433,0.13400010703228787,0.13400010703228787
5,0.9990650878352911,0.04078617949690078,0.04078617949690078
6,4.8847983341047,0.1839511514404954,0.16666666666666666
3,1.5218573622168314,0.09968929708675558,0.09968929708675558
2,3.341896411720666,0.2594581421858871,0.2594581421858871
2,2.538243337653401,0.3059248462001791,0.3059248462001791
7,3.62274513241228,0.10576228201656397,0.10576228201656397
6,2.5531791273689484,0.06712687657645988,0.06712687657645988
4,4.908118602516706,0.2571475805008984,0.25
7,4.843621035306488,0.17025869055630952,0.14285714285714285
3,2.3810839682260885,0.13895239548349,0.13895239548349
2,2.4818060762440712,0.2589573183667758,0.2589573183667758
5,1.183163748128186,0.04238943063729395,0.04238943063729395
2,2.8842178542587575,0.26818258314671756,0.26818258314671756
4,2.719463115390303,0.15616201008477937,0.15616201008477937
4,0.7872577488415973,0.044873711494448375,0.044873711494448375
4,1.583399008040898,0.08602783559298857,0.08602783559298857
4,1.263571997500341,0.07700106481109166,0.07700106481109166
8,3.2694366025996247,0.07038912758840829,0.07038912758840829
8,1.9055000855047848,0.04091616563963433,0.04091616563963433
7,0.8544121992461653,0.02526356910777605,0.02526356910777605
5,1.3024041574551766,0.058693142128624656,0.058693142128624656
4,4.93632341700332,0.23601551184215736,0.23601551184215736
5,1.185989832841648,0.05471481451127684,0.05471481451127684
8,1.7425774198963857,0.04077944569559971,0.04077944569559971
4,2.228608399490596,0.1215972371788237,0.1215972371788237
7,1.7235272397328807,0.056604289429158176,0.056604289429158176
8,4.6098928646392014,0.10930722898674079,0.10930722898674079
7,4.560696455576442,0.14395774322821447,0.14285714285714285
7,4.624468331924767,0.11808757469070603,0.11808757469070603
4,3.399220360639249,0.1909471751015308,0.1909471751015308
7,1.6101260678207263,0.040599144938240225,0.040599144938240225
8,1.4054539966547013,0.04033563980310062,0.04033563980310062
4,4.062912994287478,0.16975843149813147,0.16975843149813147
5,0.6955274046285272,0.03057994121903341,0.03057994121903341
3,3.085888460881685,0.20846969469422028,0.20846969469422028
2,2.1445453166512998,0.1789303114396273,0.1789303114396273
5,3.320501103232024,0.13722714530915203,0.13722714530915203
6,4.210039276844629,0.10956254440903494,0.10956254440903494
7,2.0442621165306556,0.044300181780747246,0.044300181780747246
7,3.6057215674418273,0.09384438739437917,0.09384438739437917
6,2.9475247833189173,0.07596540465978541,0.07596540465978541
5,3.9911518521871323,0.18945641674822242,0.18945641674822242
2,3.396990453347693,0.41952554344442433,0.41952554344442433
8,4.721014656546062,0.11907799305407453,0.11907799305407453
3,1.8701168533918686,0.12896148588876252,0.12896148588876252
7,3.238320731400674,0.08332487608391723,0.08332487608391723
4,3.610865610561244,0.22538294661297642,0.22538294661297642
5,3.111825826244575,0.13814193896202837,0.13814193896202837
2,0.9478344366319125,0.09163448816973647,0.09163448816973647
2,4.83384448441987,0.5190171927430519,0.5
3,3.391399902839436,0.2151990679321287,0.2151990679321287
7,0.5179067079086019,0.012924063379402053,0.012924063379402053
8,0.6103624143898572,0.013247171915724078,0.013247171915724078
7,4.8996150654907495,0.10979898291519384,0.10979898291519384
6,1.5210439241742455,0.050123353206155616,0.050123353206155616
7,2.5937794566704855,0.06918751020253716,0.06918751020253716
3,2.541676516924427,0.18685815355730256,0.18685815355730256
7,1.1952144928165793,0.032176769075650216,0.032176769075650216
8,2.9946660815845467,0.0720885599766526,0.0720885599766526
8,2.673842466718869,0.07185550745107117,0.07185550745107117
2,1.1742415493535765,0.09842400263924657,0.09842400263924657
8,2.2116954678457086,0.06611148269372766,0.06611148269372766
7,2.6648300039220527,0.07917186135305151,0.07917186135305151
3,3.81246115278523,0.29487725037873785,0.29487725037873785
5,3.5807334639150645,0.12553496828967523,0.12553496828967523
3,1.0163169734332096,0.06773498034496171,0.06773498034496171
6,1.0893566487777733,0.04451381847476934,0.04451381847476934
4,4.445181084597888,0.2688710117316271,0.25
6,1.6738475764823342,0.05463893469940645,0.05463893469940645
6,1.860368186498747,0.07413578736471793,0.07413578736471793
2,1.645383717325443,0.1338541211878148,0.1338541211878148
8,4.807807881353451,0.1361691965046168,0.125
8,2.180085785182621,0.04485538587580949,0.04485538587580949
5,1.5296299612783373,0.05513797583633015,0.05513797583633015
4,1.7935923584990638,0.08055659395306952,0.08055659395306952
7,4.191793270362747,0.09751121687846523,0.09751121687846523
5,2.2280736849149587,0.09803728910929183,0.09803728910929183
3,4.311744044900083,0.29671758617246885,0.29671758617246885
8,4.390481163420392,0.11876829471584967,0.11876829471584967
8,1.3263528020121598,0.024969058518948168,0.024969058518948168
3,4.899192441860439,0.3277562815980009,0.3277562815980009
2,1.5052113749531284,0.15375908331869506,0.15375908331869506
2,1.46326454005688,0.1259548164511816,0.1259548164511816
5,2.5938994928031955,0.09516312452454527,0.09516312452454527
5,1.144978273491657,0.05247542931592372,0.05247542931592372
4,2.9900577809646838,0.1518427302948856,0.1518427302948856
4,3.1740148827048604,0.1833494118295645,0.1833494118295645
8,3.6622418094787275,0.07489741683915359,0.07489741683915359
3,2.847226981714817,0.1532702170675126,0.1532702170675126
2,0.9297117095628037,0.076461039764388,0.076461039764388
5,1.807718448156306,0.08345595483452238,0.08345595483452238
6,1.3871433475800936,0.045984753215515616,0.045984753215515616
8,1.039554177815001,0.031276300057444854,0.031276300057444854
3,2.966262052389799,0.16745248866657644,0.16745248866657644
5,2.9172135662603313,0.14151843796127284,0.14151843796127284
4,4.457376603467717,0.2606281092661089,0.25
5,2.2473458712041507,0.08527167870570797,0.08527167870570797
5,4.851951742596758,0.1956341186911987,0.1956341186911987
2,3.9664738207602266,0.4086595141482034,0.4086595141482034
2,1.113111417559745,0.12604268766914575,0.12604268766914575
7,3.756178417282804,0.10499999517373368,0.10499999517373368
8,1.3531877589641714,0.03241053997607995,0.03241053997607995
4,0.7625657539975189,0.044752601273794976,0.044752601273794976
2,1.0105906981734503,0.11278716603696304,0.11278716603696304
5,3.638271315791084,0.11732740077057247,0.11732740077057247
8,1.262717051078246,0.03571872809124797,0.03571872809124797
6,2.4861403957871957,0.08657295526997778,0.08657295526997778
6,1.2027876070723094,0.049123608695389814,0.049123608695389814
4,4.7097758416776285,0.23769576343437626,0.23769576343437626
2,1.197211710901746,0.10598836282726783,0.10598836282726783
6,4.313175146357872,0.10955548442996485,0.10955548442996485
8,1.6268441518680685,0.04275794852167942,0.04275794852167942
3,1.707660385393525,0.1401855961978027,0.1401855961978027
3,2.606812722475447,0.17345290938566915,0.17345290938566915
3,1.3164086644310005,0.07719786639029308,0.07719786639029308
6,1.620079267227001,0.05633848228725013,0.05633848228725013
2,4.031768836387782,0.4119774348119058,0.4119774348119058
8,3.1293442357730177,0.0734837225188495,0.0734837225188495
2,1.805448525824981,0.20456141275064182,0.20456141275064182
4,4.559265480384735,0.2304113558363153,0.2304113558363153
2,3.740366535349336,0.30517135650826666,0.30517135650826666
2,0.8529588123946721,0.0758764870900674,0.0758764870900674
3,4.977897442137145,0.33461903582598634,0.3333333333333333
6,1.003146998004547,0.029092368356803355,0.029092368356803355
2,3.055201514763694,0.32586050381440457,0.32586050381440457
7,1.8949027052160983,0.0445633565710874,0.0445633565710874
8,2.458748048467541,0.053282566530557005,0.053282566530557005
4,2.688155815389719,0.12743421161458318,0.12743421161458318
2,4.9695257808943785,0.4180383418929563,0.4180383418929563
2,3.5794145041826377,0.3311697391026532,0.3311697391026532
6,2.541092010851897,0.09144161358971631,0.09144161358971631
7,2.291760154728414,0.05497509844787287,0.05497509844787287
5,2.153997056748945,0.09349822279551608,0.09349822279551608
5,1.3277570277585946,0.05902779592217823,0.05902779592217823
6,4.692451961443953,0.18079068687370375,0.16666666666666666
8,4.97471282154406,0.12918655286281397,0.125
7,3.3720366561859834,0.10877468547090162,0.10877468547090162
2,1.8190719470457974,0.1746687050427215,0.1746687050427215
3,2.3683313041312113,0.18960362755496588,0.18960362755496588
6,1.4397409194280395,0.05124227776017988,0.05124227776017988
6,0.9875123625947386,0.03465786513213112,0.03465786513213112
7,1.7782541075048026,0.04636423643044761,0.04636423643044761
5,1.0094982718007544,0.04970180657101801,0.04970180657101801
3,3.0658520150773207,0.2342422334543966,0.2342422334543966
5,3.14314093129196,0.1111112820965248,0.1111112820965248
3,2.160127830752248,0.17852522841398838,0.17852522841398838
6,3.9734758894852913,0.1549112620820676,0.1549112620820676
4,0.7573871026799202,0.03765195598376957,0.03765195598376957
8,4.359894400728318,0.1113153547221779,0.1113153547221779
3,1.4853048762163703,0.08730339037790869,0.08730339037790869
8,2.991159090551274,0.0934402757864947,0.0934402757864947
6,3.91387499730989,0.13537817178295153,0.13537817178295153
5,4.406571955901111,0.13333306962547634,0.13333306962547634
3,3.0576843993840455,0.22431709851466833,0.22431709851466833
7,1.6833577590015698,0.036789631073560584,0.036789631073560584
3,2.86504201977009,0.18123833068068404,0.18123833068068404
7,4.648946468254212,0.15319476306657653,0.14285714285714285
6,2.464036668665126,0.09931055814887225,0.09931055814887225
4,3.280675459715158,0.1768379461369148,0.1768379461369148
6,2.6774183052496188,0.09142964415853658,0.09142964415853658
5,2.9136942997966537,0.1357248350141974,0.1357248350141974
8,1.860143855373634,0.041484616562982315,0.041484616562982315
5,1.5441000409908887,0.073664392419729,0.073664392419729
6,2.690136798229188,0.1007076771453999,0.1007076771453999
4,4.488629100645884,0.18270019579838664,0.18270019579838664
3,2.0754754738423102,0.11072966007589861,0.11072966007589861
4,4.045849772566408,0.2502880698789165,0.25
3,4.079179430343716,0.2699315509741882,0.2699315509741882
3,2.3421839954128645,0.1308548322100083,0.1308548322100083
2,1.1872052266096111,0.09381060126196916,0.09381060126196916
6,3.383756877956314,0.08485151861803981,0.08485151861803981
5,4.851311488475324,0.19745213356255228,0.19745213356255228
7,4.697348416821365,0.1650953146121588,0.14285714285714285
4,4.146614624259009,0.20432348005968948,0.20432348005968948
5,1.5320188015511762,0.046000302011009804,0.046000302011009804
7,2.4235388367840964,0.07851219555584707,0.07851219555584707
2,0.6138093969151581,0.06522770288368955,0.06522770288368955
4,0.7997791969435877,0.04055512060047956,0.04055512060047956
6,4.172353106967683,0.12296552306758564,0.12296552306758564
7,4.617050126464534,0.12136067770121887,0.12136067770121887
8,2.50856700177797,0.05077310285376242,0.05077310285376242
8,1.1252024179246072,0.02909804805182031,0.02909804805182031
3,1.098275354284255,0.05769928097040341,0.05769928097040341
3,1.5756136380164978,0.08365136380653047,0.08365136380653047
6,1.7023317504603246,0.04858035239193316,0.04858035239193316
4,3.597786012214868,0.18099560387943803,0.18099560387943803
5,4.35299542062455,0.13638736286782316,0.13638736286782316
8,2.8780496526942816,0.08389385936186239,0.08389385936186239
7,3.170362157676401,0.07086613670645811,0.07086613670645811
3,4.578625370467551,0.3643635179145494,0.3333333333333333
4,4.12112983113233,0.18777191307120536,0.18777191307120536
4,4.903328938623205,0.24833448917191583,0.24833448917191583
2,2.0583963791318274,0.23663494376175803,0.23663494376175803
4,0.6186343138856969,0.036570912130534275,0.036570912130534275
6,0.8483977215226999,0.02827985991742116,0.02827985991742116
6,2.251662268130413,0.06212106805628145,0.06212106805628145
2,2.860045012836703,0.3283502068877721,0.3283502068877721
8,3.322024587448765,0.09773733506933512,0.09773733506933512
5,4.033009642650761,0.12655196028590202,0.12655196028590202
5,4.732313095422297,0.2114572704257243,0.2
2,3.352426913408113,0.29479298795888587,0.29479298795888587
4,4.146038818418534,0.18920578209948094,0.18920578209948094
5,3.4161032076298103,0.15535730247252438,0.15535730247252438
5,1.3257787316568086,0.05226164841131634,0.05226164841131634
3,2.333550104605256,0.13364370419850488,0.13364370419850488
2,4.16644185041225,0.5038655978453878,0.5
7,1.927970044711942,0.05997395529079216,0.05997395529079216
5,3.3751405048135807,0.12848509565562138,0.12848509565562138
8,3.515434209753007,0.09094566609231579,0.09094566609231579
6,1.8771113022693153,0.06086218489324517,0.06086218489324517
2,4.837244346175551,0.4918478260862065,0.4918478260862065
2,2.0064245826101015,0.20897854952159392,0.20897854952159392
2,0.7919719367179787,0.09735116462088568,0.09735116462088568
4,1.8592740401523917,0.11558168049959189,0.11558168049959189
6,1.743178730909631,0.05299222438459035,0.05299222438459035
4,3.7651585932188136,0.2343880226183536,0.2343880226183536
6,4.075761079512999,0.11872961374597128,0.11872961374597128
4,2.073362719644393,0.10352536390047386,0.10352536390047386
4,3.9798363381571207,0.2341667335342401,0.2341667335342401
6,4.20334228662259,0.1348285186005149,0.1348285186005149
2,2.2186532911832133,0.20653940665432058,0.20653940665432058
5,4.705455515661539,0.2192108715765669,0.2
3,1.7827525252151653,0.11871273254643801,0.11871273254643801
7,4.854854651109248,0.11566013028702826,0.11566013028702826
8,3.584866251580614,0.09916014282918525,0.09916014282918525
2,3.369713316739927,0.2953045235504504,0.2953045235504504
2,1.0350686154307618,0.1271675830535543,0.1271675830535543
5,2.353778207582915,0.09187585988838178,0.09187585988838178
7,1.2116143234509908,0.03327122504002313,0.03327122504002313
8,2.5658649326572287,0.04961776861327324,0.04961776861327324
2,2.7729901637820555,0.20907633358831576,0.20907633358831576
8,4.0727087343675485,0.09822071497567884,0.09822071497567884
8,1.6612466971341024,0.04166942014901832,0.04166942014901832
6,4.100095633956826,0.14587680592361119,0.14587680592361119
5,1.2071055145656007,0.04567823923478985,0.04567823923478985
7,2.33793200019684,0.06756242198666372,0.06756242198666372
7,2.0424801527438285,0.044117615368862474,0.044117615368862474
4,4.567362813225084,0.2058227972705031,0.2058227972705031
8,3.941309105136091,0.12286765452115773,0.12286765452115773
6,1.8533704523269032,0.0667943248728708,0.0667943248728708
4,1.5804439317534003,0.07261500155364486,0.07261500155364486
8,0.8720788846812092,0.017220677816117868,0.017220677816117868
6,3.48066668412889,0.14368856485374734,0.14368856485374734
2,4.265477246729612,0.5103237729437846,0.5
2,2.120008191382139,0.18444610004385267,0.18444610004385267
4,2.227168394144714,0.12265265450251515,0.12265265450251515
6,4.415731826229546,0.12784007212735887,0.12784007212735887
8,3.670775345831151,0.10319375180665247,0.10319375180665247
2,2.8935501246425117,0.25127396423202364,0.25127396423202364
7,2.4631011635642484,0.07474729244094179,0.07474729244094179
7,1.8988368831448725,0.0557313127482111,0.0557313127482111
8,0.7237807184593976,0.017393434053851978,0.017393434053851978
6,3.206296973118966,0.10035737559679854,0.10035737559679854
7,3.968970759440056,0.09471611865292845,0.09471611865292845
6,4.17529261080419,0.12014690912189271,0.12014690912189271
5,1.3262671141578821,0.057933399097787434,0.057933399097787434
8,1.0141820967557318,0.022601164781339483,0.022601164781339483
3,2.20095778551341,0.15734740398525063,0.15734740398525063
6,3.0574836239917005,0.11488662128071184,0.11488662128071184
8,3.1350548216912415,0.08456968871631898,0.08456968871631898
6,3.0029613664864314,0.10819099436855928,0.10819099436855928
3,0.8284441930267976,0.050139112971132535,0.050139112971132535
8,1.6566266382665302,0.04943027639619823,0.04943027639619823
3,2.282170993946103,0.13375767581999973,0.13375767581999973
2,1.2863283144516762,0.15197990982604168,0.15197990982604168
4,3.8073777245119738,0.17924454193868022,0.17924454193868022
2,2.5767455933357724,0.20824227563165157,0.20824227563165157
6,2.0386937864033516,0.07443340751425957,0.07443340751425957
3,1.1524510810050308,0.07509332075204024,0.07509332075204024
2,4.343022902524002,0.3865095087824962,0.3865095087824962
6,1.6199640944423117,0.05963270625598232,0.05963270625598232
7,2.504949036939893,0.05626105404796523,0.05626105404796523
2,2.6446557280432743,0.19957355987603584,0.19957355987603584
5,3.186988737522598,0.1102869441466224,0.1102869441466224
8,2.9721482330512012,0.0666956176408009,0.0666956176408009
2,2.64606052669387,0.28086471792478324,0.28086471792478324
4,1.8245900770497703,0.07948042324722783,0.07948042324722783
2,0.6916093608616845,0.08455473791745369,0.08455473791745369
4,0.7967782338618796,0.03050789516943849,0.03050789516943849
3,4.064758036454522,0.32882378697100517,0.32882378697100517
6,2.128169479792534,0.08080214614590682,0.08080214614590682
5,0.9464690824964737,0.03478233474316557,0.03478233474316557
6,1.3240307050296678,0.04725775937242873,0.04725775937242873
3,2.0968906333562005,0.168158422163256,0.168158422163256
5,1.0819959503904106,0.03930829650282905,0.03930829650282905
5,1.4340857384667012,0.059204404556922906,0.059204404556922906
4,4.187617529286921,0.24554400732769105,0.24554400732769105
6,2.249878644687814,0.06523086185088749,0.06523086185088749
2,2.2153573414592493,0.20710533145207471,0.20710533145207471
8,3.428067113525814,0.08688773023942084,0.08688773023942084
3,2.311742014819073,0.17993893881685966,0.17993893881685966
7,1.8154445929959193,0.0515668392597586,0.0515668392597586
6,3.51350302022848,0.09362203527575667,0.09362203527575667
3,4.324064511465476,0.3008434059155387,0.3008434059155387
5,1.8962376569175188,0.08906138612204845,0.08906138612204845
2,1.383671943892284,0.15749925087808841,0.15749925087808841
2,1.6272751664382357,0.17213428477078604,0.17213428477078604
5,4.673815707657398,0.20456175564686552,0.2
8,4.724285696431557,0.1464979730634112,0.125
4,1.7486400775758044,0.09259596087800293,0.09259596087800293
4,2.8208474518813884,0.1440110801661763,0.1440110801661763
7,4.0695389159857465,0.12254402436263948,0.12254402436263948
3,2.9012329697372303,0.20377600347864086,0.20377600347864086
3,2.471544305553764,0.1534869624793872,0.1534869624793872
6,0.7099384418678527,0.026352054605969125,0.026352054605969125
6,2.487384017481763,0.09571541383690801,0.09571541383690801
2,3.6099092138537174,0.38156213783682613,0.38156213783682613
2,1.8066958225614838,0.16437183640006692,0.16437183640006692
5,3.8715870659021925,0.13702299376761418,0.13702299376761418
3,3.4785376719835712,0.19259510465764515,0.19259510465764515
4,4.139389559678868,0.17638175912536125,0.17638175912536125
4,4.942464228124853,0.28051064280520815,0.25
6,2.8583789581603987,0.08249503045668195,0.08249503045668195
6,1.9260207777220684,0.06644690623567873,0.06644690623567873
4,2.13161209769633,0.10947078947062841,0.10947078947062841
4,4.178951172689496,0.15967964529980128,0.15967964529980128
7,4.761904157727613,0.15529617142370045,0.14285714285714285
7,4.586508162946814,0.141126757292409,0.141126757292409
7,2.323501180633068,0.060640828388169914,0.060640828388169914
5,4.643397448426421,0.21094187024265787,0.2
6,1.6795824882721566,0.06326565129714166,0.06326565129714166
3,1.689790527255098,0.13865931074656068,0.13865931074656068
2,3.105160677488117,0.2593441234379653,0.2593441234379653
3,3.3272555551580116,0.2360377591749254,0.2360377591749254
4,2.841649888555085,0.13834567518028187,0.13834567518028187
5,4.308043178403528,0.14271723935322234,0.14271723935322234
7,3.238177724932852,0.09581745092260892,0.09581745092260892
8,0.5064548149698167,0.01226436114809708,0.01226436114809708
4,2.146672954413768,0.08230154274104216,0.08230154274104216
4,0.7776435273381275,0.03532592915972745,0.03532592915972745
3,3.5788506762880066,0.24621670168670612,0.24621670168670612
6,2.8863645292154363,0.09510482221446917,0.09510482221446917
6,0.8277748763921181,0.027521174086267794,0.027521174086267794
4,0.7577520513054774,0.033987122167923524,0.033987122167923524
4,4.032688242614,0.20491680565939577,0.20491680565939577
2,3.691357889993895,0.33212631321306196,0.33212631321306196
7,3.050971073719345,0.10494668484313613,0.10494668484313613
6,3.9675200604631717,0.10526856520458344,0.10526856520458344
4,4.07180687520097,0.21902423393907355,0.21902423393907355
4,3.615820492599314,0.14209911959302932,0.14209911959302932
2,3.967753304088172,0.39098952403396364,0.39098952403396364
2,1.6565940431332693,0.14964441411197577,0.14964441411197577
2,4.551205090515442,0.46500935847105807,0.46500935847105807
8,3.3637644548018626,0.09050670780606207,0.09050670780606207
4,3.5925305930765474,0.1583010660017426,0.1583010660017426
6,4.181287662673615,0.1120297636507169,0.1120297636507169
5,1.4993466867644352,0.06756649481068949,0.06756649481068949
7,1.7106064823744525,0.05068424226063974,0.05068424226063974
7,3.6927098068476605,0.100257270657211,0.100257270657211
8,1.9212524853576856,0.045097461058208256,0.045097461058208256
2,2.7677299085272766,0.20906824753938064,0.20906824753938064
7,1.7677861603777725,0.043156505535448274,0.043156505535448274
8,3.54199538397731,0.07693899437817917,0.07693899437817917
2,2.887188085075893,0.25886070631776514,0.25886070631776514
7,0.7628357696966672,0.021730896748727583,0.021730896748727583
4,0.8700778725874323,0.044304306613388314,0.044304306613388314
5,4.711115294160257,0.2292893908065418,0.2
6,4.970926165254043,0.1907470281827806,0.16666666666666666
2,3.427231802517968,0.41288280223515217,0.41288280223515217
6,1.0384995822635472,0.036338147223550506,0.036338147223550506
3,0.7563455623725257,0.043297431618282624,0.043297431618282624
5,2.2531470008196584,0.07539775243010004,0.07539775243010004
2,2.584892292284236,0.23564722813755265,0.23564722813755265
8,2.4665476797344486,0.04864587769952423,0.04864587769952423
6,4.371893617422252,0.17734896648897966,0.16666666666666666
8,1.9706753053339594,0.039373077891585624,0.039373077891585624
2,0.7460465698135433,0.08487809291910266,0.08487809291910266
4,1.4475343848025166,0.07128657872408925,0.07128657872408925
7,4.495247913352218,0.15352629681115726,0.14285714285714285
4,2.7706468821813828,0.14491368856265666,0.14491368856265666
4,1.6285527350900317,0.08302151911421904,0.08302151911421904
7,2.7284075686431186,0.061474252694854535,0.061474252694854535
5,1.4962222918878727,0.04835921657475586,0.04835921657475586
3,1.4025226493262228,0.11042402935238672,0.11042402935238672
5,4.303601503506545,0.14423738216151671,0.14423738216151671
8,1.845558559504247,0.041901662915522914,0.041901662915522914
6,3.3879762059534153,0.10301402583241814,0.10301402583241814
7,3.6085904545577523,0.10586911080397648,0.10586911080397648
7,4.765230109522087,0.1084614527748618,0.1084614527748618
6,1.5119321380687816,0.050250560815724855,0.050250560815724855
7,0.803906791798092,0.02265882003945943,0.02265882003945943
7,1.7917161700891542,0.056125107597463794,0.056125107597463794
2,3.5503825585843267,0.40821242484940823,0.40821242484940823
7,2.3693321034674204,0.08039314242734982,0.08039314242734982
4,0.9548402390025923,0.0493574560448279,0.0493574560448279
4,2.280514463529208,0.10140054829241606,0.10140054829241606
2,2.8348066763088924,0.3515577210105177,0.3515577210105177
2,0.9138587407267182,0.08544118401793355,0.08544118401793355
6,3.375353691304746,0.11275257520030085,0.11275257520030085
6,1.8122114210361202,0.06408297036304483,0.06408297036304483
7,2.3284333280173546,0.06273095498536665,0.06273095498536665
6,1.632922560957475,0.05118926401619587,0.05118926401619587
8,3.773848022459708,0.10541215954167595,0.10541215954167595
7,1.9875711621661745,0.06907510952857188,0.06907510952857188
3,0.746988964032699,0.04691067484950993,0.04691067484950993
6,4.971588165348353,0.153370807866682,0.153370807866682
7,1.9752988959035989,0.043227278300234526,0.043227278300234526
5,2.2856375221802105,0.1035789694547917,0.1035789694547917
8,3.4721602077326708,0.07126748256917897,0.07126748256917897
7,4.707091244064072,0.14531292594383444,0.14285714285714285
5,3.0964800047920176,0.12938689358924765,0.12938689358924765
2,4.921961311742544,0.5622880826176313,0.5
3,1.1076564152163906,0.08124846657498933,0.08124846657498933
6,0.6234950065201901,0.02274303419080027,0.02274303419080027
8,4.3454199087729375,0.121888125541582,0.121888125541582
3,3.739875608670975,0.26474211666307473,0.26474211666307473
2,3.9236789207703584,0.3670824709459567,0.3670824709459567
2,2.759995042783515,0.2824414005752571,0.2824414005752571
7,0.8050431019771931,0.024810889515804346,0.024810889515804346
4,3.487418187378003,0.14875927537303715,0.14875927537303715
2,2.5489052847803637,0.20023477745020551,0.20023477745020551
7,4.31587070162338,0.1510648328821282,0.14285714285714285
7,3.828345429984452,0.0973506908607193,0.0973506908607193
3,0.5611424665439355,0.03336253882875908,0.03336253882875908
3,2.8551967507227625,0.17036521955211323,0.17036521955211323
4,4.123162690220028,0.25094587671127405,0.25
2,3.7107913888259065,0.4490910824459173,0.4490910824459173
3,1.668276909220533,0.08903404621871563,0.08903404621871563
8,1.9777176455470344,0.043781240397799286,0.043781240397799286
8,4.564596518265206,0.12722727864718297,0.125
5,2.274408249812367,0.07825175073035566,0.07825175073035566
2,2.455119306907782,0.2310012869560485,0.2310012869560485
8,1.1625668854939175,0.027290744393348398,0.027290744393348398
4,1.7763497867891909,0.08604898495103704,0.08604898495103704
2,3.693971758825239,0.41531442181662337,0.41531442181662337
3,3.904849021556006,0.30723914219158704,0.30723914219158704
2,2.0763808785090054,0.2003781551127715,0.2003781551127715
7,3.882905314588505,0.10687034061718015,0.10687034061718015
7,4.5507434867384955,0.10067000309385712,0.10067000309385712
4,4.502281327531143,0.17107279001607495,0.17107279001607495
8,0.614242670342626,0.016575037850979125,0.016575037850979125
4,2.3871474370362877,0.10975045065953741,0.10975045065953741
7,3.435388335030528,0.08588522782681692,0.08588522782681692
5,0.5444201849446704,0.02554385068157499,0.02554385068157499
5,2.3569637356127044,0.09892810339228157,0.09892810339228157
2,4.138554528258955,0.36772812420750495,0.36772812420750495
5,2.7092382971328544,0.08696560025951275,0.08696560025951275
5,1.0640986252848708,0.04149627271403955,0.04149627271403955
8,0.7281563998554954,0.014899588324826745,0.014899588324826745
4,2.488734129449286,0.14282024855670358,0.14282024855670358
3,4.237270471667607,0.3280139431598915,0.3280139431598915
3,1.2260627614658324,0.06180078769206451,0.06180078769206451
8,3.0969704147290416,0.07906970585418424,0.07906970585418424
2,3.7078575708269343,0.4406308921261959,0.4406308921261959
2,4.453574596855123,0.4415041837336389,0.4415041837336389
6,4.389593052985543,0.173352368967726,0.16666666666666666
6,2.554858559022764,0.07698992576947168,0.07698992576947168
3,4.6026061568645,0.3578126870912301,0.3333333333333333
4,0.6457334374324846,0.032791542651022375,0.032791542651022375
3,0.7389159338085245,0.04729363495646431,0.04729363495646431
7,0.8755553943456109,0.020956640661873565,0.020956640661873565
5,3.813283343073734,0.13675032825432357,0.13675032825432357
5,4.445252909221617,0.17093120587269958,0.17093120587269958
4,4.601540141473922,0.21788656256478534,0.21788656256478534
6,2.7816879806630066,0.07083261318647405,0.07083261318647405
7,1.6151175175947827,0.04457075578866356,0.04457075578866356
5,3.206697388307204,0.13237865344379554,0.13237865344379554
6,1.9050286010294237,0.06849595011652652,0.06849595011652652
7,4.775912124474326,0.16345042204912738,0.14285714285714285
3,2.5904968751725868,0.1468293290984477,0.1468293290984477
7,3.095696173218693,0.0942880893705483,0.0942880893705483
7,3.7311733857247917,0.10706633616075216,0.10706633616075216
3,4.197279167767968,0.25025528562114147,0.25025528562114147
7,2.934221103484039,0.07589634549372425,0.07589634549372425
6,4.868105571399272,0.15666495575026063,0.15666495575026063
7,1.4955651758804196,0.036160663930437584,0.036160663930437584
7,4.245768252194551,0.10389628462976994,0.10389628462976994
8,4.9531932006798325,0.15369370854836759,0.125
2,4.458138819998922,0.5078141790670243,0.5
4,0.9806062538255145,0.053105875161521515,0.053105875161521515
6,4.9160097837527585,0.15669724156793405,0.15669724156793405
3,3.771440939699233,0.27761451462963066,0.27761451462963066
6,0.7729938069670554,0.01999051799727313,0.01999051799727313
4,4.770169022112494,0.22423816459423973,0.22423816459423973
5,2.5617423860415043,0.12677948742320103,0.12677948742320103
4,1.254249284754394,0.07210226704238369,0.07210226704238369
8,3.713118772501864,0.09905419848067983,0.09905419848067983
2,2.625522099847854,0.23422433871522613,0.23422433871522613
8,4.210501860498649,0.10880219265433187,0.10880219265433187
4,3.4044688822062668,0.14262624069846352,0.14262624069846352
6,1.5551367427643643,0.04956005260238355,0.04956005260238355
7,4.449071928411375,0.12013141535703681,0.12013141535703681
2,0.8706459917190195,0.0792866624216225,0.0792866624216225
4,2.906101744901247,0.17753184362466584,0.17753184362466584
2,1.1006768697305551,0.1151990012622956,0.1151990012622956
7,2.850615469245797,0.0846746571476408,0.0846746571476408
2,0.9496116385955621,0.0786310046461658,0.0786310046461658
3,0.6564982658688054,0.03943364406767009,0.03943364406767009
7,2.6382188669012647,0.08686493325833398,0.08686493325833398
6,2.75320369473625,0.09955236763882193,0.09955236763882193
6,2.313351803228031,0.09343974354966089,0.09343974354966089
2,2.831221283860977,0.2274140725513095,0.2274140725513095
7,1.9834163418158983,0.05842396654240717,0.05842396654240717
7,3.6382515953294075,0.12452929223821929,0.12452929223821929
5,2.689675516271798,0.10883140555124247,0.10883140555124247
4,3.3876282733980045,0.15101912726582178,0.15101912726582178
8,3.632937447218561,0.08251870593756701,0.08251870593756701
6,2.8310738764279653,0.07134440120085563,0.07134440120085563
6,4.23149293147147,0.11318513818303377,0.11318513818303377
7,2.1970693483205035,0.04716010533662647,0.04716010533662647
4,4.474524139217906,0.25658352269029666,0.25
8,2.162558928322578,0.055917627555796386,0.055917627555796386
5,3.440285635262946,0.13602488320578351,0.13602488320578351
8,4.163164844821976,0.08443264943293592,0.08443264943293592
8,0.5688609814544068,0.012464365325419986,0.012464365325419986
3,1.3688292683944758,0.11384595392111074,0.11384595392111074
6,3.661391919849953,0.11734740956335388,0.11734740956335388
4,1.9289026533082956,0.07776996456159785,0.07776996456159785
3,0.836034291881206,0.06534444590554886,0.06534444590554886
7,2.293045758963025,0.06208161392060616,0.06208161392060616
7,4.3692889845190095,0.12946724942020116,0.12946724942020116
4,1.3209230442394038,0.05882164813583513,0.05882164813583513
3,4.146312997983941,0.3265337932526914,0.3265337932526914
6,1.3600098769000664,0.056035494116763944,0.056035494116763944
8,2.7313457063139426,0.08441543293306263,0.08441543293306263
5,1.416938545185606,0.055489783147063085,0.055489783147063085
2,1.0503614213836767,0.10600070559002059,0.10600070559002059
5,0.6757075242292027,0.027511031041860153,0.027511031041860153
5,4.2196341405158,0.1307123349046606,0.1307123349046606
2,2.6342298693940025,0.222517490626787,0.222517490626787
5,4.225954817163927,0.19329685610779118,0.19329685610779118
4,1.63189442449736,0.08859973182166307,0.08859973182166307
7,3.5627307006823608,0.1160611004449009,0.1160611004449009
5,0.7770270278929934,0.029093897635091546,0.029093897635091546
8,3.6109350805463807,0.1069247088626176,0.1069247088626176
6,3.362415727247851,0.12742875585592556,0.12742875585592556
3,3.54168968046434,0.24763586620331746,0.24763586620331746
6,3.1079410356767125,0.10486231737286511,0.10486231737286511
3,2.4667505062410813,0.17167971240937624,0.17167971240937624
2,3.4850727419692595,0.42286329821091506,0.42286329821091506
7,1.0522021942733195,0.032517073877465566,0.032517073877465566
6,1.7718589031136736,0.04531906864640202,0.04531906864640202
7,2.48339465666014,0.07850882230924176,0.07850882230924176
5,1.1255980197966409,0.052993867238163975,0.052993867238163975
3,3.7926276959325236,0.2578059894222613,0.2578059894222613
8,2.664719629820615,0.054241056720104666,0.054241056720104666
2,0.9526258654219357,0.11652485357755062,0.11652485357755062
4,1.9116170595849407,0.10956271714871699,0.10956271714871699
5,4.33497739714697,0.13287023487857777,0.13287023487857777
5,3.494140006254849,0.13686502270606526,0.13686502270606526
7,3.5461204008826273,0.12341621348327853,0.12341621348327853
8,2.622232929876021,0.08024856155946701,0.08024856155946701
3,1.0761408575174873,0.06103255224466627,0.06103255224466627
3,1.8703825326746943,0.11676933736519592,0.11676933736519592
6,4.484384475136895,0.18411601728760055,0.16666666666666666
7,2.313985309778089,0.05346323201738216,0.05346323201738216
7,3.5118381562758287,0.09689273800812413,0.09689273800812413
6,1.0732558008389301,0.044645408325951014,0.044645408325951014
7,3.2376890197269677,0.08946982976184785,0.08946982976184785
6,1.8504455738513965,0.07362259417966292,0.07362259417966292
4,0.5491908592262137,0.023567874709087788,0.023567874709087788
3,2.5290317353571212,0.15593131381458272,0.15593131381458272
7,4.758650818693825,0.14087642955070287,0.14087642955070287
4,4.033923313418648,0.15856056669207672,0.15856056669207672
4,1.4309939807346643,0.06463711236020683,0.06463711236020683
5,2.248275510630795,0.07556834477576412,0.07556834477576412
8,0.9687778651284185,0.021413279371512956,0.021413279371512956
4,4.6568623913399865,0.246327277618464,0.246327277618464
3,2.319960516435158,0.16718818304835173,0.16718818304835173
7,4.738897129845022,0.11868105326405434,0.11868105326405434
4,2.4454782947688853,0.0991214466983787,0.0991214466983787
6,1.535043210915774,0.042977801539780945,0.042977801539780945
3,4.097657707052892,0.29081727282017755,0.29081727282017755
8,4.926958527352129,0.13296855717802683,0.125
7,3.2082814100803767,0.111313816617384,0.111313816617384
4,3.5914373790553658,0.20425154418187355,0.20425154418187355
4,4.699519535807297,0.18633795509984563,0.18633795509984563
4,4.97913197138,0.2990170737148881,0.25
5,1.2423200634129998,0.0506531345260985,0.0506531345260985
6,2.921595564183528,0.11142403531402019,0.11142403531402019
7,3.216472542277094,0.07732956225912453,0.07732956225912453
7,3.79761979899696,0.08852475730941925,0.08852475730941925
2,1.0908534466606867,0.1258762463336432,0.1258762463336432
3,1.7648563950252183,0.10642978420763498,0.10642978420763498
2,3.2872906696750595,0.28377415015219726,0.28377415015219726
2,2.9892989813979023,0.23761281998598607,0.23761281998598607
8,0.6670143859386768,0.016109197364638218,0.016109197364638218
4,1.8700979791748118,0.10051010260131431,0.10051010260131431
4,2.8339006816119667,0.17092729792163175,0.17092729792163175
4,4.097059337650023,0.23362052854956353,0.23362052854956353
2,4.213928637988994,0.3936747935046372,0.3936747935046372
5,2.9674138668154777,0.11872549894098754,0.11872549894098754
2,2.6457695164229094,0.19883655264669917,0.19883655264669917
4,2.5812887782714555,0.10146658302666516,0.10146658302666516
6,4.233555278042147,0.15643221069596513,0.15643221069596513
5,4.3854519376643095,0.17484618112136716,0.17484618112136716
4,3.20918656564379,0.14247644146209912,0.14247644146209912
5,2.596618373193147,0.11468877985102624,0.11468877985102624
7,4.990429982849441,0.1644601738709524,0.14285714285714285
5,4.745849149552426,0.18989789305713856,0.18989789305713856
4,0.5956408096393302,0.02311296156827438,0.02311296156827438
6,4.1211439786073765,0.14446253272420476,0.14446253272420476
6,4.332511197904225,0.1640181279712355,0.1640181279712355
4,3.7070693448549377,0.1519050356054959,0.1519050356054959
8,3.63241865503973,0.09668950352890669,0.09668950352890669
2,3.3784508016924404,0.29191771523665333,0.29191771523665333
2,1.008430879461648,0.12026004857924125,0.12026004857924125
3,1.15267738015836,0.0703263778561931,0.0703263778561931
3,4.515529264873872,0.34858606702662437,0.3333333333333333
2,1.018042061308969,0.09321403886575425,0.09321403886575425
5,3.819061620796202,0.172456119339375,0.172456119339375
4,4.516156465486729,0.23599714027233898,0.23599714027233898
3,0.6788760049248737,0.054811052482246374,0.054811052482246374
4,3.162871199826137,0.1862145525608676,0.1862145525608676
2,1.0313886492135649,0.09653090550883375,0.09653090550883375
4,1.351723547473926,0.061325498186054185,0.061325498186054185
6,0.8740135334647585,0.02398092682716465,0.02398092682716465
2,1.3758537253236995,0.11392881253947479,0.11392881253947479
3,1.9047940494586428,0.14136979899003,0.14136979899003
6,0.8605192035926761,0.023925955557939593,0.023925955557939593
4,4.479988098711637,0.25732308651398317,0.25
6,1.0076211898885103,0.025546820095175175,0.025546820095175175
7,1.2175850986597951,0.04030471022344434,0.04030471022344434
3,4.53202212592548,0.36125276572178483,0.3333333333333333
8,2.047494353560128,0.04088428409895885,0.04088428409895885
7,1.34266893216427,0.043737890447515436,0.043737890447515436
8,0.7677035071012206,0.017289363818279748,0.017289363818279748
3,4.885733995513992,0.27125869715896883,0.27125869715896883
2,3.9900641100262364,0.3260484900442251,0.3260484900442251
2,4.710281451030711,0.5074251721477275,0.5
8,4.818874804924129,0.13468394311176918,0.125
3,2.7890627589416277,0.19761308651368606,0.19761308651368606
5,2.7925593860501987,0.10333368013083834,0.10333368013083834
4,3.3059494017604694,0.12843691542667568,0.12843691542667568
3,4.353499399903817,0.2557526826833953,0.2557526826833953
4,1.5550690510199334,0.07418996847360587,0.07418996847360587
3,1.637448280057147,0.08609159323320324,0.08609159323320324
6,3.5312065187760653,0.1086539780913005,0.1086539780913005
8,1.3992121972579303,0.026809507238254787,0.026809507238254787
7,1.2511445635444816,0.041528809047191105,0.041528809047191105
7,2.46130850812084,0.07071288187872755,0.07071288187872755
7,1.5478634594831797,0.04571760258255866,0.04571760258255866
3,3.7386039053466047,0.19360352894896593,0.19360352894896593
3,4.880456952268212,0.2574693356209978,0.2574693356209978
5,4.275274222223987,0.14572446929220725,0.14572446929220725
5,2.5373941424924222,0.10620783276597746,0.10620783276597746
4,3.6024937607982235,0.19277654433946767,0.19277654433946767
4,2.3765001602598455,0.1342537818304257,0.1342537818304257
6,3.207408200199925,0.12532534190291852,0.12532534190291852
5,1.2528816336176183,0.061814906404285705,0.061814906404285705
2,2.3294161595864127,0.2534487324590901,0.2534487324590901
2,2.9421886919616105,0.24513239838765868,0.24513239838765868
5,3.578556460106146,0.14510486427231706,0.14510486427231706
4,2.9461729424145067,0.1250560797196644,0.1250560797196644
3,2.9070399663768254,0.1470232035879735,0.1470232035879735
4,2.455373359867217,0.15207291051908395,0.15207291051908395
3,1.7734009759107632,0.11319516958458051,0.11319516958458051
4,1.6524340965646314,0.08381089857278473,0.08381089857278473
3,1.1111166111966364,0.06714792021421902,0.06714792021421902
6,2.1019143721796594,0.06692535565844834,0.06692535565844834
7,1.7967287287622877,0.05838356355967747,0.05838356355967747
8,3.505014082036251,0.10476983759759156,0.10476983759759156
6,4.270688038693629,0.10720874940645962,0.10720874940645962
5,4.79592700614002,0.18389280598494195,0.18389280598494195
4,0.9084456782808379,0.03789622770160697,0.03789622770160697
7,1.4063165673642062,0.03997389732745545,0.03997389732745545
8,0.5918465801764794,0.011402137886616407,0.011402137886616407
8,4.356656116529569,0.09023210373335941,0.09023210373335941
5,3.5064406942721527,0.1179040899066033,0.1179040899066033
8,2.3595912643418635,0.06611844558305642,0.06611844558305642
7,2.4163930172298764,0.07142942268893215,0.07142942268893215
2,3.369339258788001,0.29399841480070166,0.29399841480070166
4,4.7865551342791965,0.2303880431545345,0.2303880431545345
5,2.7440964777905426,0.09545007764793037,0.09545007764793037
4,3.1927365935797143,0.1320080293514327,0.1320080293514327
6,1.129475875187428,0.03534007250739384,0.03534007250739384
3,1.582091019722075,0.08395737606583988,0.08395737606583988
2,2.925178322666129,0.2422929394552032,0.2422929394552032
5,4.784298646054077,0.1872237397430632,0.1872237397430632
5,2.1031157204821063,0.06608739250053938,0.06608739250053938
8,1.2856553330392073,0.03662101746208772,0.03662101746208772
3,1.1588904877331778,0.08262691114040448,0.08262691114040448
4,0.772455326948694,0.03345328614673539,0.03345328614673539
4,3.3624417348795483,0.17464527306638908,0.17464527306638908
3,0.9728302479677534,0.058073876312255523,0.058073876312255523
8,3.873914815474664,0.08758483044640968,0.08758483044640968
2,3.941629354355548,0.3327881150187221,0.3327881150187221
8,3.108501468071247,0.07095280615857442,0.07095280615857442
6,1.2779700887208363,0.05200815768062904,0.05200815768062904
7,3.772106173000087,0.1045278839630898,0.1045278839630898
6,2.137226754915772,0.06409418470956424,0.06409418470956424
3,2.9291843470375256,0.15482187163103192,0.15482187163103192
5,3.8329344311525375,0.1767596922503506,0.1767596922503506
3,2.127658865109199,0.17137932528858252,0.17137932528858252
2,1.0708280976199867,0.08141279100314419,0.08141279100314419
7,3.268716090789716,0.1076310821637178,0.1076310821637178
3,1.6953106996496508,0.12048536098449789,0.12048536098449789
7,1.2324116946538122,0.031762831309265514,0.031762831309265514
4,1.9143463054704073,0.10086972463128581,0.10086972463128581
8,4.120759953864956,0.09303896173739754,0.09303896173739754
3,0.6996937274554036,0.04162572157588045,0.04162572157588045
3,2.36970497719524,0.19495122985514007,0.19495122985514007
3,1.4191654220388927,0.09313757258002378,0.09313757258002378
3,4.504907820313587,0.26649465605977085,0.26649465605977085
2,1.363886956195655,0.16247037902165537,0.16247037902165537
2,3.3002466463723055,0.33297551437526896,0.33297551437526896
6,2.3116077534113133,0.08347215468794168,0.08347215468794168
2,3.32159771501705,0.2893072778828317,0.2893072778828317
5,0.8116507753804256,0.03736596317282859,0.03736596317282859
3,1.834618601981533,0.13231822493056927,0.13231822493056927
5,2.5779589821484046,0.10000303271693844,0.10000303271693844
5,3.3231380355564983,0.16545677586446686,0.16545677586446686
3,4.551852945531593,0.35712733733099034,0.3333333333333333
7,4.2600274791168875,0.14517591006748579,0.14285714285714285
4,3.3092511546894863,0.17880518533410705,0.17880518533410705
2,0.6856067561959116,0.06370206535796492,0.06370206535796492
5,3.6648090325090013,0.13203189986730177,0.13203189986730177
7,1.9976370881197643,0.04668249214345906,0.04668249214345906
3,4.825226097676844,0.27753421172975085,0.27753421172975085
5,0.7449764927424762,0.027244890715184662,0.027244890715184662
7,3.4970448417074254,0.07588717653607908,0.07588717653607908
4,4.986154214375503,0.24599340588766355,0.24599340588766355
4,2.4884494945915083,0.11750161307657371,0.11750161307657371
7,0.9988494377709294,0.02647516431207475,0.02647516431207475
7,1.2349539370733196,0.033973595413296975,0.033973595413296975
7,2.8030744190496413,0.09102651081222785,0.09102651081222785
8,4.503004951369053,0.11511627156428765,0.11511627156428765
7,2.843778497106779,0.09747634112113389,0.09747634112113389
3,2.108011084166111,0.15397815296043954,0.15397815296043954
8,3.3276606023922195,0.08869506720637621,0.08869506720637621
3,3.430467991569624,0.21706443596529512,0.21706443596529512
8,4.6838019499026045,0.12105553285690872,0.12105553285690872
4,1.6344609755319284,0.09401866333512933,0.09401866333512933
3,1.9423003455240497,0.13578133517032104,0.13578133517032104
8,2.3411352339625786,0.04795215915882915,0.04795215915882915
2,4.490997429209435,0.39371261070313823,0.39371261070313823
5,2.377620108062483,0.08518902238764067,0.08518902238764067
7,2.7383375941156447,0.08230945359360235,0.08230945359360235
5,2.3233708128279686,0.10994933594238888,0.10994933594238888
6,0.9754887943004829,0.029214722168863776,0.029214722168863776
6,2.4125141110840094,0.06496055814864235,0.06496055814864235
2,0.7584821970547438,0.08525472984938823,0.08525472984938823
8,1.202319229396266,0.023143442324996637,0.023143442324996637
6,3.675076980882201,0.13153483355727216,0.13153483355727216
2,3.892888573006685,0.46086094271338485,0.46086094271338485
5,3.5878455945058922,0.11065549083402929,0.11065549083402929
3,0.8023694884774542,0.05857175434143356,0.05857175434143356
4,0.9670422011613349,0.05905290566777734,0.05905290566777734
2,4.972705894638414,0.4683587828414451,0.4683587828414451
2,0.9520424728059582,0.09235296993685026,0.09235296993685026
5,3.555795793508508,0.16505539391735274,0.16505539391735274
4,2.8321710064827466,0.13638489176300267,0.13638489176300267
4,1.1208962531202875,0.0686415520924099,0.0686415520924099
6,4.263487397886651,0.11379309238865402,0.11379309238865402
6,3.5905808349320694,0.13169827190310848,0.13169827190310848
5,1.9713286531717478,0.0874295558793492,0.0874295558793492
2,4.033967479218973,0.32055385435640665,0.32055385435640665
6,1.687340121337639,0.05844956119748373,0.05844956119748373
2,3.2673627441606308,0.2598208472812764,0.2598208472812764
8,4.203904321022361,0.12328238611503896,0.12328238611503896
6,4.685343495084146,0.12815013580072082,0.12815013580072082
3,1.2847987634780502,0.08107247015927949,0.08107247015927949
8,4.624178195825843,0.09564712299485145,0.09564712299485145
6,4.553493944225893,0.15562331113220462,0.15562331113220462
3,4.975177663587835,0.36650256364641415,0.3333333333333333
8,4.714629019203398,0.0967678541053932,0.0967678541053932
7,3.0832858523816498,0.08038522444615237,0.08038522444615237
2,0.9699000878362691,0.08046471685850941,0.08046471685850941
6,1.2316594277567727,0.05119095730643655,0.05119095730643655
4,3.990484648305141,0.20989089138641448,0.20989089138641448
4,2.0512190657330835,0.0891973477053116,0.0891973477053116
6,3.957706412560919,0.14392513389138958,0.14392513389138958
5,2.4366642996899683,0.10830497296959815,0.10830497296959815
7,0.5138256884106291,0.018077604579545895,0.018077604579545895
6,1.556351448057256,0.04170476251905048,0.04170476251905048
6,3.6011901900575944,0.11339556221101972,0.11339556221101972
6,3.7603525154873734,0.1474357175870595,0.1474357175870595
5,3.424459457262363,0.12870319409876632,0.12870319409876632
4,4.448259198802493,0.22128085609315826,0.22128085609315826
5,2.1598438039992125,0.10186542914321205,0.10186542914321205
4,1.0258859365685722,0.04478410844017031,0.04478410844017031
7,1.3124864292418428,0.03995166197417888,0.03995166197417888
7,3.2140840620788333,0.11165409685000438,0.11165409685000438
4,4.650861744379237,0.2352825116484409,0.2352825116484409
6,2.665365687604127,0.10796559812995349,0.10796559812995349
6,4.57873752851582,0.131903388828085,0.131903388828085
8,4.329100132959102,0.10512679045830396,0.10512679045830396
2,2.1641467763218234,0.19056007608028508,0.19056007608028508
4,2.381874157561665,0.14186496730950351,0.14186496730950351
6,4.3634391895683216,0.18180399476056203,0.16666666666666666
7,4.178703407999258,0.08969304881934435,0.08969304881934435
6,1.428076797858696,0.03723880427397364,0.03723880427397364
8,2.3059473817254954,0.04798686631697844,0.04798686631697844
2,2.1590842036407363,0.22391261533224777,0.22391261533224777
3,1.595181079065497,0.1320606392337308,0.1320606392337308
7,2.748991724613949,0.07812481766110886,0.07812481766110886
6,3.6440435787840513,0.10867051708051803,0.10867051708051803
4,1.9790988390187616,0.11337135163783028,0.11337135163783028
2,1.7360342515501614,0.20972413063776355,0.20972413063776355
8,4.778184528972713,0.09972435687062386,0.09972435687062386
6,3.9520985247424583,0.14815621169871068,0.14815621169871068
5,4.651831589535645,0.2222714281819287,0.2
4,3.2673040275087395,0.153958214182639,0.153958214182639
2,1.1338885005208863,0.10897095183121937,0.10897095183121937
3,1.1456299838149748,0.08696550733454284,0.08696550733454284
7,2.877083885600799,0.06750875770996995,0.06750875770996995
4,2.422425074083389,0.1479113326287619,0.1479113326287619
8,4.02407986936783,0.09884136962085692,0.09884136962085692
4,4.3515390976822355,0.16440836973426484,0.16440836973426484
6,1.1345898268508792,0.03270260119457405,0.03270260119457405
8,0.5716375005611154,0.012188665472724063,0.012188665472724063
2,2.6390675317821177,0.2870497263639518,0.2870497263639518
5,4.352780195399461,0.1442096643409228,0.1442096643409228
6,0.6541069846277685,0.021921168604606914,0.021921168604606914
7,3.0666549776674046,0.10619974654268798,0.10619974654268798
6,3.7760809935500466,0.15423253297913042,0.15423253297913042
3,0.9192283820035894,0.06673890697181437,0.06673890697181437
8,4.326815996001429,0.12030324417280817,0.12030324417280817
4,2.412739159305359,0.12987087094139413,0.12987087094139413
4,1.5827515740087783,0.05945761144302546,0.05945761144302546
4,4.304119819383539,0.18714075763407492,0.18714075763407492
4,3.1308703515481184,0.1208796961110176,0.1208796961110176
5,0.7198670606901061,0.028276855151679617,0.028276855151679617
2,1.8798026889469601,0.16914113417895454,0.16914113417895454
4,3.293684798301433,0.1593415323216906,0.1593415323216906
5,0.6074912359788476,0.023285538582575614,0.023285538582575614
6,0.5505850079207233,0.014152043512978857,0.014152043512978857
5,2.701734007868699,0.09587198603358511,0.09587198603358511
6,3.899739807690638,0.15514923351771875,0.15514923351771875
5,2.602210378272488,0.09246108048247714,0.09246108048247714
5,3.8803839299944696,0.18097783939848014,0.18097783939848014
7,3.285444186314479,0.09861800607193576,0.09861800607193576
2,1.55607639840287,0.15637049941044676,0.15637049941044676
8,0.7208300605902567,0.018203991923868942,0.018203991923868942
4,3.6453415396382525,0.1696843210923566,0.1696843210923566
6,0.6752468853355151,0.023775835339669624,0.023775835339669624
6,3.709400869625582,0.14909367925319822,0.14909367925319822
2,1.8821636068103584,0.20750900991739926,0.20750900991739926
6,3.000353826101297,0.115128890667484,0.115128890667484
7,1.117493895201107,0.023963362202835178,0.023963362202835178
3,2.8458122016619214,0.19893318949450917,0.19893318949450917
3,4.367641755570686,0.30569091206053317,0.30569091206053317
4,0.946687119244682,0.04971416241870211,0.04971416241870211
6,4.842177270835856,0.19015852338591163,0.16666666666666666
8,1.5642655063850808,0.039352233660263046,0.039352233660263046
6,3.7433472912616765,0.10018652301202892,0.10018652301202892
4,1.8096274949779683,0.09373293319386124,0.09373293319386124
3,3.683066125610392,0.22602182399787227,0.22602182399787227
3,4.562834411492306,0.36564632607300884,0.3333333333333333
4,2.5988066199018824,0.1201909392770408,0.1201909392770408
6,2.9929983273578253,0.09847180458333608,0.09847180458333608
2,3.3882259248315725,0.4126512875766582,0.4126512875766582
6,1.896080049870537,0.07899343797717072,0.07899343797717072
4,1.4928138534774344,0.0931729114802566,0.0931729114802566
4,0.964493970175217,0.05824268965995647,0.05824268965995647
8,2.817037804093566,0.05788985949818549,0.05788985949818549
2,4.492730792534777,0.4082857369367728,0.4082857369367728
8,4.267866325485565,0.08399032031345754,0.08399032031345754
3,4.005170505198554,0.27488529949355767,0.27488529949355767
2,4.209363940705574,0.4977903712366015,0.4977903712366015
6,3.3288826408794416,0.11599890327707406,0.11599890327707406
4,1.9590518463740458,0.07895196859291757,0.07895196859291757
4,3.900153708942785,0.23130449579234982,0.23130449579234982
4,1.6274120266155876,0.08148118446137784,0.08148118446137784
7,0.6028730917280211,0.017320661191144022,0.017320661191144022
7,4.244606311051157,0.10563918173343165,0.10563918173343165
3,4.771641191449147,0.2686108916136354,0.2686108916136354
3,3.0533917310163248,0.17125711564868673,0.17125711564868673
5,3.4980970632179473,0.10869884027652547,0.10869884027652547
4,0.550339217072738,0.022793412969008036,0.022793412969008036
5,2.917156044248686,0.13129878171119444,0.13129878171119444
6,0.9684137986849377,0.03418123330686395,0.03418123330686395
5,3.4499888165627106,0.10420104731202148,0.10420104731202148
4,4.979954847977563,0.3008062423834227,0.25
2,1.875082908836277,0.23028643882574018,0.23028643882574018
3,0.5076130236174243,0.04198641195503777,0.04198641195503777
4,0.83801024447238,0.04735719578601921,0.04735719578601921
7,2.6425015645770653,0.0659513605428453,0.0659513605428453
2,4.6711465140800135,0.3856513038040079,0.3856513038040079
5,1.6133995261843337,0.06380811022065772,0.06380811022065772
6,4.958179762608094,0.1263503786555752,0.1263503786555752
8,2.046664067355837,0.03985851956495457,0.03985851956495457
2,1.4180179893520544,0.1506326931812799,0.1506326931812799
2,4.5333791074900045,0.3977275374680044,0.3977275374680044
